病名,痛みの種類,P1,P2,P3,P4,P5,P6,P7,P8,P9,P10,P11,P12,P13
腰椎すべり症,神経障害性疼痛,5,10,7,1,0,2,0,0,0,0,0,4,0
腰椎椎間板ヘルニア,神経障害性疼痛,7,9,5,1,0,2,3,3,0,2,0,2,2
手根管症候群,神経障害性疼痛,2,5,2,2,-1,2,0,2,0,2,0,1,1
腰椎椎間板ヘルニア,神経障害性疼痛,7,8,6,4,1,2,2,5,0,1,0,5,2
腰椎分離すべり症,神経障害性疼痛,8,7,7,1,0,2,4,3,2,3,1,4,3
腰部脊柱管狭窄症,神経障害性疼痛,5,5,5,4,1,0,0,3,1,0,1,3,2
腰部脊柱管狭窄症,神経障害性疼痛,3,5,4,3,1,0,0,2,0,1,0,2,1
腰部脊柱管狭窄症,神経障害性疼痛,10,10,10,1,0,2,3,5,4,3,1,5,1
腰椎椎間板ヘルニア,神経障害性疼痛,3,10,6,2,-1,2,2,2,1,2,0,2,1
腰椎椎間板ヘルニア,神経障害性疼痛,5,7,5,1,0,0,0,3,0,2,0,3,2
腰椎椎間板ヘルニア,神経障害性疼痛,6,8,5,3,1,2,1,3,2,4,0,2,2
腰部脊柱管狭窄症,神経障害性疼痛,9,9,9,2,-1,0,2,0,0,4,2,3,2
腰部脊柱管狭窄症,神経障害性疼痛,7,7,4,1,0,0,1,3,0,0,0,2,1
腰椎椎間板ヘルニア,神経障害性疼痛,7,9,7,2,-1,2,0,2,1,2,0,3,1
転移性脊椎腫瘍,神経障害性疼痛,10,10,10,2,-1,2,3,2,2,3,0,1,2
腰部脊柱管狭窄症,神経障害性疼痛,2,4,2,3,1,2,0,0,0,0,0,0,0
頸椎ヘルニア,神経障害性疼痛,4,6,4,2,-1,0,1,1,0,0,0,1,1
腰部脊柱管狭窄症,神経障害性疼痛,7,2,2,3,1,0,0,0,0,0,0,0,1
腰部脊柱管狭窄症,神経障害性疼痛,10,8,7,1,0,2,1,1,3,3,0,1,2
腰椎椎間板ヘルニア,神経障害性疼痛,8,8,8,4,1,2,0,0,0,0,0,0,0
腰部脊柱管狭窄症,神経障害性疼痛,6,8,4,1,0,0,0,1,0,0,0,2,2
腰部脊柱管狭窄症,神経障害性疼痛,3,9,6,2,-1,2,1,2,1,1,0,1,2
頚髄症,神経障害性疼痛,6,6,6,1,0,0,1,1,1,1,1,1,1
腰椎椎間板ヘルニア再発,神経障害性疼痛,7,8,7,4,1,0,0,4,0,2,0,2,1
腰部脊柱管症,神経障害性疼痛,5,9,5,2,0,2,1,1,0,0,0,2,2
腰部脊柱管狭窄症,神経障害性疼痛,6,5,4,2,-1,0,0,0,0,0,0,2,0
手根管症候群,神経障害性疼痛,7,9,7,4,1,0,0,4,1,1,1,4,3
胸椎黄色靭帯骨化症,神経障害性疼痛,3,6,5,1,0,0,1,2,2,2,0,2,0
右伏在神経障害,神経障害性疼痛,4,6,3,3,1,0,0,4,0,1,1,3,2
腰椎椎間板ヘルニア,神経障害性疼痛,7,7,6,4,1,0,0,0,0,2,0,0,0
腰部脊柱管狭窄症,神経障害性疼痛,9,9,7,4,1,0,3,4,2,2,2,4,4
右下腿神経鞘腫,神経障害性疼痛,0,2,1,3,1,0,0,1,0,0,0,0,2
腰部脊柱狭窄症,神経障害性疼痛,3,10,6,1,0,0,0,2,0,0,0,0,2
L5 骨腫瘍,神経障害性疼痛,4,7,5,4,1,0,2,4,1,1,0,4,0
腰椎変性すべり症,神経障害性疼痛,1,1,1,4,1,2,1,0,0,0,0,0,0
LCS,神経障害性疼痛,5,5,5,1,0,2,2,2,0,2,0,2,2
腰椎分離すべり症,神経障害性疼痛,3,7,5,1,0,2,0,2,0,2,0,2,1
胸椎分離症、腰部脊柱管狭窄症,神経障害性疼痛,2,4,3,1,0,0,0,0,1,1,0,2,1
腰部脊柱管狭窄症,神経障害性疼痛,8,9,6,2,-1,2,3,3,2,1,1,3,4
胸椎椎間板ヘルニア,神経障害性疼痛,8,10,6,3,1,0,0,4,0,3,0,1,1
LCS,神経障害性疼痛,5,5,5,3,1,0,0,2,0,0,0,0,0
腰部脊柱管狭窄症,神経障害性疼痛,8,8,5,3,1,2,1,4,0,4,0,1,0
LDH,神経障害性疼痛,7,9,6,4,1,2,0,3,1,3,1,5,1
LCS,神経障害性疼痛,8,9,6,2,-1,2,3,2,1,2,1,2,2
頚椎症性神経根症,神経障害性疼痛,7,7,4,4,1,2,1,3,1,2,2,3,1
LCS,神経障害性疼痛,3,10,5,4,1,2,5,4,3,3,3,5,3
LCS,神経障害性疼痛,5,8,6,1,0,0,2,2,1,0,1,3,1
腰部脊柱管狭窄症,神経障害性疼痛,7,8,7,4,1,0,2,0,0,0,1,0,0
頚椎ヘルニア、腰椎椎間板ヘルニア,神経障害性疼痛,9,9,9,1,0,2,1,4,2,3,2,3,3
頚椎ヘルニア,神経障害性疼痛,5,10,10,4,1,0,1,5,1,3,1,4,1
腰椎椎間板ヘルニア,神経障害性疼痛,4,7,5,1,0,2,0,0,0,0,0,3,1
腰椎椎間板ヘルニア,神経障害性疼痛,9,9,9,1,0,0,0,4,0,2,0,4,3
腰椎椎間板ヘルニア,神経障害性疼痛,10,10,9,1,0,0,0,5,0,0,0,0,2
LCS,神経障害性疼痛,10,10,10,4,1,2,4,3,3,3,3,3,3
腰ヘルニア,神経障害性疼痛,9,10,9,4,1,0,4,3,1,3,2,3,4
LCS,神経障害性疼痛,7,8,6,1,0,0,3,2,2,0,0,1,2
LCS,神経障害性疼痛,3,3,3,3,1,0,1,1,1,1,1,2,2
LCS,神経障害性疼痛,10,10,9,2,-1,0,1,3,1,2,3,3,3
腰痛ヘルニア,神経障害性疼痛,10,10,10,4,1,0,0,0,1,5,0,5,2
末梢神経障害,神経障害性疼痛,7,8,5,1,0,2,1,2,0,0,0,1,0
LCS,神経障害性疼痛,10,10,9,4,1,0,0,0,0,0,1,5,1
腰ヘルニア,神経障害性疼痛,7,10,6,2,-1,0,1,3,0,2,1,4,4
頚髄症,神経障害性疼痛,5,9,7,4,1,2,0,4,2,0,1,3,2
股椎椎間板ヘルニア,神経障害性疼痛,3,6,4,1,0,0,0,2,0,1,0,3,0
腰椎椎間板ヘルニア,神経障害性疼痛,5,8,5,2,0,2,2,2,1,2,0,2,0
腰椎椎間板ヘルニア,神経障害性疼痛,7,9,5,4,1,0,0,1,0,3,0,2,2
腰椎椎間板ヘルニア,神経障害性疼痛,5,7,6,3,1,2,1,2,0,1,0,3,0
腰椎椎間板ヘルニア,神経障害性疼痛,9,9,9,2,0,2,3,3,3,3,0,2,2
腰椎椎間板ヘルニア,神経障害性疼痛,4,9,6,1,0,0,2,2,1,4,1,1,1
頚椎症性神経根症,神経障害性疼痛,8,9,10,2,-1,0,3,2,0,0,0,2,2
頚椎症 手根管症候群,神経障害性疼痛,10,10,10,1,0,0,5,5,5,5,1,1,1
LCS,神経障害性疼痛,10,10,6,2,0,2,5,2,0,4,1,0,0
LCS,神経障害性疼痛,9,10,8,2,-1,0,3,3,2,3,2,3,3
腰椎椎間板ヘルニア,神経障害性疼痛,10,6,6,2,-1,0,1,0,0,0,0,3,2
腰椎椎間板ヘルニア,神経障害性疼痛,8,9,7,4,1,0,4,4,1,4,1,4,1
頚椎症性神経根症,神経障害性疼痛,10,5,0,4,1,0,5,3,2,3,0,4,1
腰椎椎間板ヘルニア,神経障害性疼痛,8,8,6,4,1,0,0,4,0,4,0,5,2
腰椎椎間板ヘルニア,神経障害性疼痛,5,7,6,3,1,2,0,3,0,1,0,2,0
L1骨折　LCS,神経障害性疼痛,10,10,7,2,-1,2,2,4,2,5,2,5,2
腰椎椎間板ヘルニア,神経障害性疼痛,4,6,5,4,1,0,0,1,0,2,0,3,2
腰椎固定術後隣接椎間障害,神経障害性疼痛,6,8,6,1,0,2,0,2,0,2,0,2,2
腰椎椎間板ヘルニア,神経障害性疼痛,5,8,6,4,1,0,1,1,1,1,0,3,0
頚椎椎間板ヘルニア,神経障害性疼痛,3,7,5,2,-1,2,1,2,0,1,1,2,0
腰椎椎間板ヘルニア,神経障害性疼痛,3,8,5,1,0,0,0,1,0,0,0,2,2
腰部脊柱管狭窄症,神経障害性疼痛,7,7,7,3,1,2,0,0,0,0,0,0,3
頸椎症性筋萎縮症,神経障害性疼痛,7,10,7,2,-1,2,2,2,1,2,2,1,2
LCS,神経障害性疼痛,10,10,10,4,1,2,0,1,1,4,2,2,2
腰相相間板ヘルニア,神経障害性疼痛,5,10,6,1,0,0,3,2,2,0,1,3,2
L1骨折　LCS,神経障害性疼痛,8,10,8,4,1,0,0,1,0,0,0,0,1
腰椎椎間板ヘルニア,神経障害性疼痛,8,8,8,1,0,0,0,2,0,2,0,2,1
腰部脊柱管狭窄症（神経根症）,神経障害性疼痛,4,10,8,1,0,2,2,1,0,3,0,2,1
頚椎症性筋萎縮症,神経障害性疼痛,3,8,6,2,-1,0,3,3,2,1,0,1,2
固定隣接椎間障害,神経障害性疼痛,8,8,8,1,0,0,1,3,0,0,0,2,2
腰部脊柱管狭窄症（神経根症）,神経障害性疼痛,8,8,8,1,0,2,2,2,2,2,2,2,2
頚椎椎間板ヘルニア、胸郭出口症候群,神経障害性疼痛,7,9,7,2,-1,0,1,4,1,2,0,2,1
腰椎椎間板ヘルニア,神経障害性疼痛,10,10,8,4,1,0,1,4,0,5,3,3,0
手根管症候群,神経障害性疼痛,7,10,8,3,1,0,1,4,1,1,0,4,1
胸椎圧迫骨折,神経障害性疼痛,8,9,7,2,-1,2,2,0,2,0,0,0,2
頚髄症　首下がり,神経障害性疼痛,5,6,6,3,1,0,1,1,1,1,1,2,1
腰椎椎間板ヘルニア,神経障害性疼痛,6,8,6,2,0,0,1,2,1,2,1,2,2
悪性末梢神経鞘腫,神経障害性疼痛,10,10,10,4,1,2,1,5,3,3,1,5,5
腰部脊柱管狭窄症,神経障害性疼痛,5,8,7,2,0,0,4,5,1,3,0,2,3
腰椎椎間板ヘルニア,神経障害性疼痛,7,10,8,1,0,0,0,2,1,1,0,2,3
頚椎症性筋萎縮症,神経障害性疼痛,5,6,5,1,0,0,1,3,0,1,0,2,0
L2FX後神経障害,神経障害性疼痛,10,10,10,1,0,0,5,4,4,4,2,4,5
馬尾腫瘍,神経障害性疼痛,9,10,8,4,1,0,0,1,1,4,0,3,2
胸髄腫瘍　神経髄腫,神経障害性疼痛,7,10,8,4,1,0,3,1,0,0,0,1,3
頚椎症性神経根症,神経障害性疼痛,6,7,6,1,0,0,0,2,2,0,0,1,2
頚椎椎間板ヘルニア,神経障害性疼痛,7,10,8,2,-1,0,2,0,1,0,0,0,3
右手軟部腫瘤（神経鞘腫）,神経障害性疼痛,6,8,6,2,0,0,1,1,1,1,0,1,2
隣接椎間障害,神経障害性疼痛,8,10,10,4,1,0,3,2,0,1,0,4,0
腰椎椎間板ヘルニア,神経障害性疼痛,6,6,6,1,0,0,0,4,0,3,0,5,0
腰部脊柱管狭窄症,神経障害性疼痛,8,8,8,1,0,2,3,2,2,0,2,3,3
転移性頸椎腫瘍,神経障害性疼痛,10,10,8,4,1,2,1,5,2,5,0,5,3
腰椎変性すべり症,神経障害性疼痛,9,8,8,4,1,0,4,3,2,4,0,2,2
頸椎症性神経根症,神経障害性疼痛,6,7,6,3,1,0,3,1,1,1,0,0,0
腰椎椎間板ヘルニア,神経障害性疼痛,10,10,10,1,0,2,0,5,0,5,5,5,5
LCS,神経障害性疼痛,6,7,5,4,1,0,2,2,0,2,2,2,2
腰椎分離症,神経障害性疼痛,2,10,10,3,1,2,3,1,1,0,0,1,2
腰部脊柱管狭窄症,神経障害性疼痛,4,8,6,2,-1,0,2,1,1,1,0,2,1
LCS,神経障害性疼痛,6,8,6,4,1,2,1,2,1,0,0,0,3
腰部脊柱管狭窄症,神経障害性疼痛,7,8,8,1,0,2,4,1,1,4,1,4,3
左足部軟部腫瘍（神経鞘腫）,神経障害性疼痛,7,9,7,2,-1,0,0,3,3,3,0,1,5
頚椎症性脊髄症,神経障害性疼痛,7,7,7,1,0,0,2,2,0,1,0,2,2
肘部管症候群,神経障害性疼痛,9,3,6,1,0,2,3,1,0,0,0,5,2
腰椎椎間板ヘルニア,神経障害性疼痛,3,9,4,1,0,2,2,3,1,2,1,2,2
腰椎すべり症,神経障害性疼痛,8,8,6,1,0,2,2,3,0,0,3,4,3
肘部管症候群,神経障害性疼痛,7,10,7,4,1,2,1,5,3,4,0,5,3
腰椎ヘルニア,神経障害性疼痛,5,10,7,1,0,0,3,3,2,3,1,3,2
腰部脊柱管狭窄症,神経障害性疼痛,3,10,4,4,1,2,4,2,1,3,1,3,2
左モートン病,神経障害性疼痛,8,8,8,4,1,0,4,4,0,3,0,3,1
腰部脊柱管狭窄症,神経障害性疼痛,8,10,7,4,1,2,0,0,3,2,0,2,2
肘部管症候群,神経障害性疼痛,6,8,6,1,0,0,2,3,0,1,3,3,2
腰椎すべり症,神経障害性疼痛,9,9,8,1,0,0,4,4,2,1,0,4,3
頚椎ヘルニア,神経障害性疼痛,6,8,5,2,-1,0,2,1,2,1,0,1,2
腰部脊柱管狭窄症,神経障害性疼痛,4,7,6,1,0,2,1,1,1,1,1,2,2
腰椎椎間板ヘルニア,神経障害性疼痛,8,10,8,4,1,0,1,2,1,3,1,3,0
腰部脊柱管狭窄症,神経障害性疼痛,5,7,5,1,0,0,0,3,0,0,0,0,0
頚髄症,神経障害性疼痛,5,5,5,1,0,0,0,3,0,0,0,3,0
腰椎椎間板ヘルニア,神経障害性疼痛,4,10,6,4,1,0,0,1,0,2,1,1,0
頚椎症性筋萎縮症,神経障害性疼痛,4,5,5,1,0,0,3,3,2,2,1,3,3
L5分離症,神経障害性疼痛,5,7,5,2,-1,2,1,1,1,1,1,2,1
頚髄症,神経障害性疼痛,5,5,5,4,1,0,2,3,2,2,1,1,2
LCS,神経障害性疼痛,4,7,4,2,-1,2,2,2,1,0,0,2,2
頚髄症,神経障害性疼痛,8,10,8,1,0,0,1,5,0,1,1,5,2
腰部脊柱管狭窄症,神経障害性疼痛,8,10,10,4,1,2,0,1,2,3,2,4,4
腰椎椎間板ヘルニア,神経障害性疼痛,7,7,6,1,0,0,0,3,0,1,1,3,2
腰部脊柱管狭窄症,神経障害性疼痛,5,7,5,1,0,0,3,1,1,0,2,3,1
右頚部脂肪腫、手根管症候群,神経障害性疼痛,4,10,6,2,-1,0,0,3,0,2,0,4,0
歯突起後方偽腫瘍,神経障害性疼痛,5,5,5,1,0,0,3,0,0,0,0,3,0
腰椎椎間板ヘルニア,神経障害性疼痛,3,7,5,1,0,0,0,0,2,0,0,2,1
頚椎症性筋萎縮症,神経障害性疼痛,1,1,1,1,0,0,0,0,0,0,0,0,2
腰部脊柱管狭窄症,神経障害性疼痛,6,10,7,2,-1,2,2,3,2,3,0,2,3
頚椎症性神経根症,神経障害性疼痛,5,7,6,1,0,2,0,4,0,0,2,4,4
腰椎椎間板ヘルニア,神経障害性疼痛,8,10,9,2,-1,0,0,2,1,2,0,1,1
腰部脊柱管狭窄症,神経障害性疼痛,8,8,8,4,1,2,3,3,2,0,2,3,2
腰椎椎間板ヘルニア,神経障害性疼痛,7,10,7,4,1,0,0,1,1,2,0,3,3
腰椎椎間板ヘルニア,神経障害性疼痛,7,10,9,4,1,2,1,4,2,4,2,4,3
頚椎症性神経根症,神経障害性疼痛,6,7,6,2,-1,0,0,2,0,2,0,0,2
腰部脊柱管狭窄症,神経障害性疼痛,8,9,8,1,0,0,2,2,1,1,0,2,2
頚椎症性神経根症,神経障害性疼痛,1,8,1,2,-1,0,2,0,0,0,0,2,1
腰椎椎間板ヘルニア,神経障害性疼痛,7,8,7,4,1,2,0,3,2,5,0,5,4
腰椎椎間板ヘルニア,神経障害性疼痛,2,9,5,4,1,0,3,3,3,3,2,3,3
腰椎椎間板ヘルニア,神経障害性疼痛,9,10,8,1,0,0,5,5,0,5,0,2,4
腰椎分離すべり症,神経障害性疼痛,2,8,4,3,1,0,0,0,0,0,0,1,0
腰部脊柱管狭窄症,神経障害性疼痛,10,10,9,1,0,0,5,5,0,4,1,5,5
腰椎椎間板ヘルニア,神経障害性疼痛,6,8,6,4,1,0,1,2,1,2,0,1,1
帯状疱疹,神経障害性疼痛,9,10,9,2,0,2,0,0,0,0,0,0,0
腰部脊柱管狭窄症,神経障害性疼痛,5,10,6,4,1,0,0,4,1,4,0,3,0
腰部脊柱管狭窄症,神経障害性疼痛,8,8,6,1,0,0,1,4,1,2,0,4,3
頚椎後縦靱帯骨化症,神経障害性疼痛,8,10,8,4,1,2,1,0,1,0,0,1,0
腰椎椎間板ヘルニア,神経障害性疼痛,7,8,7,2,-1,0,2,1,1,1,1,3,3
頚椎症性神経根症,神経障害性疼痛,3,7,4,1,0,2,3,3,0,0,0,2,3
破壊性脊椎関節症,神経障害性疼痛,0,9,8,3,1,0,0,2,0,1,0,3,0
頚椎後縦靱帯骨化症,神経障害性疼痛,7,7,7,1,0,0,0,0,0,0,0,1,1
腰椎椎間板ヘルニア,神経障害性疼痛,6,8,5,2,-1,2,0,0,1,2,0,3,1
腰部脊柱管狭窄症,神経障害性疼痛,5,6,5,2,-1,2,1,1,1,1,1,2,1
腰椎分離すべり症,神経障害性疼痛,3,8,5,2,-1,2,2,2,2,2,0,1,1
腰椎椎間板ヘルニア,神経障害性疼痛,10,10,8,1,0,0,2,2,4,1,0,1,1
腰椎椎間板ヘルニア,神経障害性疼痛,5,9,7,1,0,2,1,4,0,0,0,3,0
腰部脊柱管狭窄症,神経障害性疼痛,8,8,6,1,0,2,4,4,1,1,2,4,2
腰部脊柱管狭窄症,神経障害性疼痛,4,6,4,2,-1,0,2,3,1,3,0,3,3
両肘打管候群・頚椎症性神経根症,神経障害性疼痛,5,5,5,1,0,0,0,3,0,0,0,2,0
腰椎変性すべり症,神経障害性疼痛,8,9,5,1,0,2,3,1,1,1,1,1,3
腰椎椎間板ヘルニア,神経障害性疼痛,6,10,7,2,-1,0,2,1,1,2,2,4,1
頚椎症性神経根症,神経障害性疼痛,5,5,5,1,0,2,0,1,0,5,0,1,2
腰部脊柱管狭窄症,神経障害性疼痛,5,8,7,2,-1,2,4,1,1,1,1,4,1
腰部脊柱管狭窄症,神経障害性疼痛,8,9,8,4,1,2,0,4,1,1,1,4,1
胸髄動静脈奇形,神経障害性疼痛,9,10,10,1,0,2,4,5,5,2,0,3,5
左下腿神経鞘腫,神経障害性疼痛,5,5,5,2,0,2,0,3,0,2,0,1,2
腰椎椎間板ヘルニア,神経障害性疼痛,7,8,7,2,-1,2,0,2,2,1,0,2,2
腰部脊柱管狭窄症,神経障害性疼痛,5,8,6,1,0,0,1,4,1,4,1,1,1
腰部脊柱管狭窄症、腰椎すべり症,神経障害性疼痛,8,10,6,3,1,2,1,4,1,4,0,1,1
頚椎椎間板ヘルニア,神経障害性疼痛,8,8,8,1,0,0,3,2,2,1,1,2,2
腰椎すべり症,神経障害性疼痛,6,8,6,4,1,0,1,4,1,3,1,4,0
腰部脊柱管狭窄症,神経障害性疼痛,6,9,8,4,1,0,1,3,0,3,0,3,1
腰椎椎間板ヘルニア,神経障害性疼痛,3,5,5,1,0,0,1,1,0,0,0,2,2
腰部脊柱管狭窄症,神経障害性疼痛,9,9,7,4,1,0,0,1,1,2,1,2,2
腰部脊柱管狭窄症,神経障害性疼痛,10,10,10,1,0,0,1,1,0,4,0,2,0
仙骨嚢腫,神経障害性疼痛,4,7,3,1,0,0,1,3,0,0,0,0,0
腰椎椎間板ヘルニア,神経障害性疼痛,8,8,7,1,0,0,0,4,0,1,0,4,2
腰椎椎間板ヘルニア,神経障害性疼痛,8,10,8,4,1,2,0,5,3,2,0,5,4
腰椎固定隣接椎間障害,神経障害性疼痛,5,10,5,2,-1,2,5,5,1,1,1,3,2
腰部脊柱管狭窄症,神経障害性疼痛,8,8,5,2,0,2,3,4,2,3,1,3,2
腰椎椎間板ヘルニア,神経障害性疼痛,3,7,5,4,1,0,3,1,0,1,0,0,1
腰椎椎間板ヘルニア,神経障害性疼痛,7,8,6,4,1,0,0,0,1,0,0,1,4
腰椎椎間板ヘルニア,神経障害性疼痛,2,9,5,1,0,0,1,3,0,2,1,3,2
腰椎椎間板ヘルニア,神経障害性疼痛,7,7,7,4,1,0,0,1,0,4,0,4,2
腰椎椎間板ヘルニア,神経障害性疼痛,7,9,7,3,1,0,1,4,2,1,1,2,2
腰椎椎間板ヘルニア,神経障害性疼痛,10,10,9,1,0,0,4,3,1,2,1,3,3
腰椎椎間板ヘルニア,神経障害性疼痛,4,5,4,1,0,0,0,0,0,0,0,3,3
頚椎椎間板ヘルニア,神経障害性疼痛,3,7,4,1,0,2,0,2,0,1,0,1,1
腰部脊柱管狭窄症,神経障害性疼痛,6,8,7,3,1,2,3,2,0,1,0,1,1
腰椎椎間板ヘルニア,神経障害性疼痛,2,9,4,1,0,2,1,2,0,2,1,2,0
腰椎椎間板ヘルニア,神経障害性疼痛,8,8,6,1,0,2,2,3,3,4,2,4,2
円錐部腫瘍,神経障害性疼痛,3,7,5,4,1,2,0,2,2,0,0,1,2
腰部脊柱管狭窄症,神経障害性疼痛,10,10,10,4,1,0,0,1,0,0,0,5,4
椎間関節嚢腫,神経障害性疼痛,4,6,5,2,-1,0,0,3,2,3,0,2,2
腰部脊柱管狭窄症,神経障害性疼痛,8,10,8,1,0,2,1,3,1,3,1,3,1
腰椎椎間板ヘルニア,神経障害性疼痛,10,10,10,1,0,0,2,4,1,0,1,5,4
腰部脊柱管狭窄症,神経障害性疼痛,6,8,6,1,0,2,1,0,0,1,0,3,2
腰椎椎間板ヘルニア,神経障害性疼痛,8,10,8,1,0,0,1,3,2,1,2,5,2
腰椎すべり症,神経障害性疼痛,7,7,7,3,1,2,3,3,0,0,0,3,3
腰椎椎間板ヘルニア,神経障害性疼痛,7,9,7,4,1,0,3,2,1,0,0,3,1
腰椎椎間板ヘルニア,神経障害性疼痛,5,7,5,2,-1,0,2,2,1,1,0,4,3
頚椎椎間板ヘルニア,神経障害性疼痛,3,4,3,1,0,2,0,3,1,1,0,2,2
腰部脊柱管狭窄症,神経障害性疼痛,5,10,10,2,-1,0,5,5,3,2,1,5,3
腰椎椎間板ヘルニア,神経障害性疼痛,8,10,7,1,0,0,2,1,0,2,0,1,1
腰部脊柱管狭窄症,神経障害性疼痛,9,10,9,1,0,0,1,5,0,1,0,2,0
腰部脊柱管狭窄症,神経障害性疼痛,7,7,6,1,0,2,1,1,1,0,1,2,2
腰部脊柱管狭窄症,神経障害性疼痛,5,10,8,4,1,2,1,1,2,3,0,1,2
腰部脊柱管狭窄症,神経障害性疼痛,5,8,6,3,1,2,2,1,0,3,1,2,2
腰部脊柱管狭窄症,神経障害性疼痛,8,8,5,1,0,2,0,1,0,0,0,3,2
腰部脊柱管狭窄症,神経障害性疼痛,8,8,7,3,1,0,4,4,3,4,1,3,3
腰部脊柱管狭窄症,神経障害性疼痛,5,7,6,2,-1,2,0,0,0,0,0,0,0
腰椎椎間板ヘルニア,神経障害性疼痛,6,8,6,1,0,0,0,3,0,2,1,3,1
頚椎ヘルニア,神経障害性疼痛,9,9,9,1,0,2,3,0,0,0,0,3,0
頚髄症,神経障害性疼痛,10,10,10,4,1,0,0,3,3,4,0,2,4
腰椎椎間板ヘルニア,神経障害性疼痛,8,10,8,1,0,0,2,1,2,0,1,2,3
腰部脊柱管狭窄症,神経障害性疼痛,9,9,9,2,-1,2,4,1,1,2,3,3,2
腰椎椎間板ヘルニア,神経障害性疼痛,6,10,8,1,0,2,1,4,0,0,0,2,1
頸椎椎間板ヘルニア,神経障害性疼痛,3,8,5,1,0,2,0,2,1,0,0,1,2
腰部脊柱管狭窄症,神経障害性疼痛,9,10,8,4,1,0,5,5,2,5,1,5,4
腰部脊柱管狭窄症,神経障害性疼痛,10,10,10,1,0,0,1,1,2,1,1,5,4
腰部脊柱管狭窄症,神経障害性疼痛,6,9,6,1,0,2,1,2,1,0,1,3,2
神経鞘腫,神経障害性疼痛,6,6,5,3,1,2,1,3,0,3,0,2,5
腰椎椎間板ヘルニア,神経障害性疼痛,3,8,5,1,0,2,1,1,1,1,0,2,0
腰椎椎間板ヘルニア,神経障害性疼痛,10,10,9,1,0,2,5,5,2,4,1,3,5
腰椎椎間板ヘルニア,神経障害性疼痛,8,8,8,3,1,0,0,2,1,0,0,2,1
腰椎椎間板ヘルニア,神経障害性疼痛,4,6,4,1,0,0,0,2,1,1,0,3,0
腰椎椎間板ヘルニア,神経障害性疼痛,5,10,8,1,0,0,3,4,2,3,1,4,3
腰椎椎間板ヘルニア,神経障害性疼痛,5,8,6,1,0,2,2,2,1,0,1,2,1
頚椎症性神経根症,神経障害性疼痛,8,10,9,4,1,0,3,2,0,0,0,2,0
頚椎椎間板ヘルニア,神経障害性疼痛,8,10,7,4,1,0,2,3,0,5,1,4,2
腰部脊柱管狭窄症,神経障害性疼痛,5,9,4,1,0,2,1,1,1,0,1,2,1
腰椎椎間板ヘルニア,神経障害性疼痛,4,7,5,1,0,2,0,3,1,2,2,3,2
腰部脊柱管狭窄症,神経障害性疼痛,5,5,5,1,0,0,1,1,0,1,1,1,0
頚椎症性神経根症,神経障害性疼痛,8,10,8,2,-1,2,4,4,0,5,4,1,1
腰椎椎間板ヘルニア,神経障害性疼痛,9,9,10,4,1,2,0,2,0,0,0,4,2
腰椎椎間板ヘルニア,神経障害性疼痛,7,10,7,1,0,0,0,1,1,3,1,3,1
