date,data_processing,columns,weights,score,sensitivity,specificity
20241103-025326,欠損値削除,"P1, P2, P3, D2, D3, D4, D10, D11","1.0, 1.0, 1.0, 1.0, 1.0, 1.0, 1.0, 1.0",48.78048780487805,"0.53, 0.5, 0.0","0.453125, 0.5545454545454546, 1.0"
20241103-025346,中央値補完,"P1, P2, P3, D2, D3, D4, D10, D11","1.0, 1.0, 1.0, 1.0, 1.0, 1.0, 1.0, 1.0",52.4390243902439,"0.58, 0.5185185185185185, 0.0","0.453125, 0.6090909090909091, 1.0"
20241105-131314,欠損値削除,"P1, P2, P3, P9, P10, D2, D3, D9","1.0, 1.0, 1.0, 1.0, 1.0, 1.0, 1.0, 1.0",43.292682926829265,"0.52, 0.35185185185185186, 0.0","0.359375, 0.5272727272727272, 1.0"
20241105-131546,欠損値削除,"P1, P9, P11, P12, P13, D11, D12, D15, D16","1.0, 1.0, 1.0, 1.0, 1.0, 1.0, 1.0, 1.0, 1.0",70.73170731707317,"0.87, 0.5370370370370371, 0.0","0.5, 0.8545454545454545, 1.0"
20241108-064016,欠損値削除,"P1, P2, P3, P4, P5, P6, P7, P8, P9, P10, P11, P12, P13, D1, D2, D3, D4, D5, D6, D7, D8, D9, D10, D11, D12, D13, D14, D15, D16, D17, D18","1.0, 1.0, 1.0, 1.0, 1.0, 1.0, 1.0, 1.0, 1.0, 1.0, 1.0, 1.0, 1.0, 1.0, 1.0, 1.0, 1.0, 1.0, 1.0, 1.0, 1.0, 1.0, 1.0, 1.0, 1.0, 1.0, 1.0, 1.0, 1.0, 1.0, 1.0",70.1219512195122,"0.85, 0.5370370370370371, 0.1","0.515625, 0.8363636363636363, 1.0"
20241108-064420,欠損値削除,"P1, P2, P3, P4, P5, P6, P7, P8, P9, P10, P11, P12, P13, D1, D2, D3, D4, D5, D6, D7, D8, D9, D10, D11, D12, D13, D14, D15, D16, D17, D18","1.0, 1.0, 1.0, 1.0, 1.0, 1.0, 1.0, 1.0, 1.0, 1.0, 1.0, 1.0, 1.0, 1.0, 1.0, 1.0, 1.0, 1.0, 1.0, 1.0, 1.0, 1.0, 1.0, 1.0, 1.0, 1.0, 1.0, 1.0, 1.0, 1.0, 1.0",67.6829268292683,"0.84, 0.5, 0.0","0.46875, 0.8272727272727273, 1.0"
20241108-064434,欠損値削除,"P1, P2, P3, P4, P5, P6, P7, P8, P9, P10, P11, P12, P13, D1, D2, D3, D4, D5, D6, D7, D8, D9, D10, D11, D12, D13, D14, D15, D16, D17, D18","1.0, 1.0, 1.0, 1.0, 1.0, 1.0, 1.0, 1.0, 1.0, 1.0, 1.0, 1.0, 1.0, 1.0, 1.0, 1.0, 1.0, 1.0, 1.0, 1.0, 1.0, 1.0, 1.0, 1.0, 1.0, 1.0, 1.0, 1.0, 1.0, 1.0, 1.0",65.85365853658537,"0.8, 0.5185185185185185, 0.0","0.484375, 0.7909090909090909, 1.0"
20241108-064436,欠損値削除,"P1, P2, P3, P4, P5, P6, P7, P8, P9, P10, P11, P12, P13, D1, D2, D3, D4, D5, D6, D7, D8, D9, D10, D11, D12, D13, D14, D15, D16, D17, D18","1.0, 1.0, 1.0, 1.0, 1.0, 1.0, 1.0, 1.0, 1.0, 1.0, 1.0, 1.0, 1.0, 1.0, 1.0, 1.0, 1.0, 1.0, 1.0, 1.0, 1.0, 1.0, 1.0, 1.0, 1.0, 1.0, 1.0, 1.0, 1.0, 1.0, 1.0",72.5609756097561,"0.89, 0.5555555555555556, 0.0","0.546875, 0.8636363636363636, 0.9935064935064936"
20241108-064436,欠損値削除,"P1, P2, P3, P4, P5, P6, P7, P8, P9, P10, P11, P12, P13, D1, D2, D3, D4, D5, D6, D7, D8, D9, D10, D11, D12, D13, D14, D15, D16, D17, D18","1.0, 1.0, 1.0, 1.0, 1.0, 1.0, 1.0, 1.0, 1.0, 1.0, 1.0, 1.0, 1.0, 1.0, 1.0, 1.0, 1.0, 1.0, 1.0, 1.0, 1.0, 1.0, 1.0, 1.0, 1.0, 1.0, 1.0, 1.0, 1.0, 1.0, 1.0",69.51219512195121,"0.82, 0.5925925925925926, 0.0","0.546875, 0.8090909090909091, 1.0"
20241108-064438,欠損値削除,"P1, P2, P3, P4, P5, P6, P7, P8, P9, P10, P11, P12, P13, D1, D2, D3, D4, D5, D6, D7, D8, D9, D10, D11, D12, D13, D14, D15, D16, D17, D18","1.0, 1.0, 1.0, 1.0, 1.0, 1.0, 1.0, 1.0, 1.0, 1.0, 1.0, 1.0, 1.0, 1.0, 1.0, 1.0, 1.0, 1.0, 1.0, 1.0, 1.0, 1.0, 1.0, 1.0, 1.0, 1.0, 1.0, 1.0, 1.0, 1.0, 1.0",51.21951219512195,"0.68, 0.2962962962962963, 0.0","0.265625, 0.7090909090909091, 0.9935064935064936"
20241108-064439,欠損値削除,"P1, P2, P3, P4, P5, P6, P7, P8, P9, P10, P11, P12, P13, D1, D2, D3, D4, D5, D6, D7, D8, D9, D10, D11, D12, D13, D14, D15, D16, D17, D18","1.0, 1.0, 1.0, 1.0, 1.0, 1.0, 1.0, 1.0, 1.0, 1.0, 1.0, 1.0, 1.0, 1.0, 1.0, 1.0, 1.0, 1.0, 1.0, 1.0, 1.0, 1.0, 1.0, 1.0, 1.0, 1.0, 1.0, 1.0, 1.0, 1.0, 1.0",65.85365853658537,"0.83, 0.46296296296296297, 0.0","0.4375, 0.8272727272727273, 0.9935064935064936"
20241108-064449,欠損値削除,"P1, P2, P3, P4, P5, P6, P7, P8, P9, P10, P11, P12, P13, D1, D2, D3, D4, D5, D6, D7, D8, D9, D10, D11, D12, D13, D14, D15, D16, D17, D18","1.0, 1.0, 1.0, 1.0, 1.0, 1.0, 1.0, 1.0, 1.0, 1.0, 1.0, 1.0, 1.0, 1.0, 1.0, 1.0, 1.0, 1.0, 1.0, 1.0, 1.0, 1.0, 1.0, 1.0, 1.0, 1.0, 1.0, 1.0, 1.0, 1.0, 1.0",59.756097560975604,"0.63, 0.6481481481481481, 0.0","0.609375, 0.6272727272727273, 1.0"
20241108-064451,欠損値削除,"P1, P2, P3, P4, P5, P6, P7, P8, P9, P10, P11, P12, P13, D1, D2, D3, D4, D5, D6, D7, D8, D9, D10, D11, D12, D13, D14, D15, D16, D17, D18","1.0, 1.0, 1.0, 1.0, 1.0, 1.0, 1.0, 1.0, 1.0, 1.0, 1.0, 1.0, 1.0, 1.0, 1.0, 1.0, 1.0, 1.0, 1.0, 1.0, 1.0, 1.0, 1.0, 1.0, 1.0, 1.0, 1.0, 1.0, 1.0, 1.0, 1.0",59.756097560975604,"0.73, 0.46296296296296297, 0.0","0.390625, 0.7636363636363637, 0.9935064935064936"
20241108-064457,欠損値削除,"P1, P2, P3, P4, P5, P6, P7, P8, P9, P10, P11, P12, P13, D1, D2, D3, D4, D5, D6, D7, D8, D9, D10, D11, D12, D13, D14, D15, D16, D17, D18","1.0, 1.0, 1.0, 1.0, 1.0, 1.0, 1.0, 1.0, 1.0, 1.0, 1.0, 1.0, 1.0, 1.0, 1.0, 1.0, 1.0, 1.0, 1.0, 1.0, 1.0, 1.0, 1.0, 1.0, 1.0, 1.0, 1.0, 1.0, 1.0, 1.0, 1.0",60.97560975609756,"0.7, 0.5555555555555556, 0.0","0.5, 0.7181818181818181, 0.9935064935064936"
20241108-064458,欠損値削除,"P1, P2, P3, P4, P5, P6, P7, P8, P9, P10, P11, P12, P13, D1, D2, D3, D4, D5, D6, D7, D8, D9, D10, D11, D12, D13, D14, D15, D16, D17, D18","1.0, 1.0, 1.0, 1.0, 1.0, 1.0, 1.0, 1.0, 1.0, 1.0, 1.0, 1.0, 1.0, 1.0, 1.0, 1.0, 1.0, 1.0, 1.0, 1.0, 1.0, 1.0, 1.0, 1.0, 1.0, 1.0, 1.0, 1.0, 1.0, 1.0, 1.0",68.90243902439023,"0.82, 0.5555555555555556, 0.1","0.53125, 0.8272727272727273, 0.987012987012987"
20241108-064500,欠損値削除,"P1, P2, P3, P4, P5, P6, P7, P8, P9, P10, P11, P12, P13, D1, D2, D3, D4, D5, D6, D7, D8, D9, D10, D11, D12, D13, D14, D15, D16, D17, D18","1.0, 1.0, 1.0, 1.0, 1.0, 1.0, 1.0, 1.0, 1.0, 1.0, 1.0, 1.0, 1.0, 1.0, 1.0, 1.0, 1.0, 1.0, 1.0, 1.0, 1.0, 1.0, 1.0, 1.0, 1.0, 1.0, 1.0, 1.0, 1.0, 1.0, 1.0",70.1219512195122,"0.86, 0.5370370370370371, 0.0","0.484375, 0.8545454545454545, 1.0"
20241108-064501,欠損値削除,"P1, P2, P3, P4, P5, P6, P7, P8, P9, P10, P11, P12, P13, D1, D2, D3, D4, D5, D6, D7, D8, D9, D10, D11, D12, D13, D14, D15, D16, D17, D18","1.0, 1.0, 1.0, 1.0, 1.0, 1.0, 1.0, 1.0, 1.0, 1.0, 1.0, 1.0, 1.0, 1.0, 1.0, 1.0, 1.0, 1.0, 1.0, 1.0, 1.0, 1.0, 1.0, 1.0, 1.0, 1.0, 1.0, 1.0, 1.0, 1.0, 1.0",67.07317073170732,"0.79, 0.5740740740740741, 0.0","0.5, 0.8, 1.0"
20241108-064503,欠損値削除,"P1, P2, P3, P4, P5, P6, P7, P8, P9, P10, P11, P12, P13, D1, D2, D3, D4, D5, D6, D7, D8, D9, D10, D11, D12, D13, D14, D15, D16, D17, D18","1.0, 1.0, 1.0, 1.0, 1.0, 1.0, 1.0, 1.0, 1.0, 1.0, 1.0, 1.0, 1.0, 1.0, 1.0, 1.0, 1.0, 1.0, 1.0, 1.0, 1.0, 1.0, 1.0, 1.0, 1.0, 1.0, 1.0, 1.0, 1.0, 1.0, 1.0",64.02439024390245,"0.75, 0.5555555555555556, 0.0","0.484375, 0.7636363636363637, 1.0"
20241108-064543,欠損値削除,"P1, P2, P3, P4, P5, P6, P7, P8, P9, P10, P11, P12, P13, D1, D2, D3, D4, D5, D6, D7, D8, D9, D10, D11, D12, D13, D14, D15, D16, D17, D18","1.0, 1.0, 1.0, 1.0, 1.0, 1.0, 1.0, 1.0, 1.0, 1.0, 1.0, 1.0, 1.0, 1.0, 1.0, 1.0, 1.0, 1.0, 1.0, 1.0, 1.0, 1.0, 1.0, 1.0, 1.0, 1.0, 1.0, 1.0, 1.0, 1.0, 1.0",65.85365853658537,"0.75, 0.6111111111111112, 0.0","0.578125, 0.7363636363636363, 1.0"
20241108-064544,欠損値削除,"P1, P2, P3, P4, P5, P6, P7, P8, P9, P10, P11, P12, P13, D1, D2, D3, D4, D5, D6, D7, D8, D9, D10, D11, D12, D13, D14, D15, D16, D17, D18","1.0, 1.0, 1.0, 1.0, 1.0, 1.0, 1.0, 1.0, 1.0, 1.0, 1.0, 1.0, 1.0, 1.0, 1.0, 1.0, 1.0, 1.0, 1.0, 1.0, 1.0, 1.0, 1.0, 1.0, 1.0, 1.0, 1.0, 1.0, 1.0, 1.0, 1.0",72.5609756097561,"0.85, 0.6296296296296297, 0.0","0.53125, 0.8636363636363636, 1.0"
20241108-064556,欠損値削除,"P1, P2, P3, P4, P5, P6, P7, P8, P9, P10, P11, P12, P13, D1, D2, D3, D4, D5, D6, D7, D8, D9, D10, D11, D12, D13, D14, D15, D16, D17, D18","1.0, 1.0, 1.0, 1.0, 1.0, 1.0, 1.0, 1.0, 1.0, 1.0, 1.0, 1.0, 1.0, 1.0, 1.0, 1.0, 1.0, 1.0, 1.0, 1.0, 1.0, 1.0, 1.0, 1.0, 1.0, 1.0, 1.0, 1.0, 1.0, 1.0, 1.0",57.92682926829268,"0.69, 0.46296296296296297, 0.1","0.46875, 0.6909090909090909, 0.9935064935064936"
20241108-064601,欠損値削除,"P1, P2, P3, P4, P5, P6, P7, P8, P9, P10, P11, P12, P13, D1, D2, D3, D4, D5, D6, D7, D8, D9, D10, D11, D12, D13, D14, D15, D16, D17, D18","1.0, 1.0, 1.0, 1.0, 1.0, 1.0, 1.0, 1.0, 1.0, 1.0, 1.0, 1.0, 1.0, 1.0, 1.0, 1.0, 1.0, 1.0, 1.0, 1.0, 1.0, 1.0, 1.0, 1.0, 1.0, 1.0, 1.0, 1.0, 1.0, 1.0, 1.0",62.19512195121951,"0.77, 0.46296296296296297, 0.0","0.40625, 0.7909090909090909, 0.9935064935064936"
20241108-064602,欠損値削除,"P1, P2, P3, P4, P5, P6, P7, P8, P9, P10, P11, P12, P13, D1, D2, D3, D4, D5, D6, D7, D8, D9, D10, D11, D12, D13, D14, D15, D16, D17, D18","1.0, 1.0, 1.0, 1.0, 1.0, 1.0, 1.0, 1.0, 1.0, 1.0, 1.0, 1.0, 1.0, 1.0, 1.0, 1.0, 1.0, 1.0, 1.0, 1.0, 1.0, 1.0, 1.0, 1.0, 1.0, 1.0, 1.0, 1.0, 1.0, 1.0, 1.0",71.34146341463415,"0.84, 0.6111111111111112, 0.0","0.515625, 0.8545454545454545, 1.0"
20241108-064748,欠損値削除,"P1, P2, P3, P4, P5, P6, P7, P8, P9, P10, P11, P12, P13, D1, D2, D3, D4, D5, D6, D7, D8, D9, D10, D11, D12, D13, D14, D15, D16, D17, D18","1.0, 1.0, 1.0, 1.0, 1.0, 1.0, 1.0, 1.0, 1.0, 1.0, 1.0, 1.0, 1.0, 1.0, 1.0, 1.0, 1.0, 1.0, 1.0, 1.0, 1.0, 1.0, 1.0, 1.0, 1.0, 1.0, 1.0, 1.0, 1.0, 1.0, 1.0",60.97560975609756,"0.68, 0.5925925925925926, 0.0","0.578125, 0.6636363636363637, 1.0"
20241108-064752,欠損値削除,"P1, P2, P3, P4, P5, P6, P7, P8, P9, P10, P11, P12, P13, D1, D2, D3, D4, D5, D6, D7, D8, D9, D10, D11, D12, D13, D14, D15, D16, D17, D18","1.0, 1.0, 1.0, 1.0, 1.0, 1.0, 1.0, 1.0, 1.0, 1.0, 1.0, 1.0, 1.0, 1.0, 1.0, 1.0, 1.0, 1.0, 1.0, 1.0, 1.0, 1.0, 1.0, 1.0, 1.0, 1.0, 1.0, 1.0, 1.0, 1.0, 1.0",64.02439024390245,"0.73, 0.5925925925925926, 0.0","0.5625, 0.7181818181818181, 1.0"
20241108-064753,欠損値削除,"P1, P2, P3, P4, P5, P6, P7, P8, P9, P10, P11, P12, P13, D1, D2, D3, D4, D5, D6, D7, D8, D9, D10, D11, D12, D13, D14, D15, D16, D17, D18","1.0, 1.0, 1.0, 1.0, 1.0, 1.0, 1.0, 1.0, 1.0, 1.0, 1.0, 1.0, 1.0, 1.0, 1.0, 1.0, 1.0, 1.0, 1.0, 1.0, 1.0, 1.0, 1.0, 1.0, 1.0, 1.0, 1.0, 1.0, 1.0, 1.0, 1.0",61.58536585365854,"0.83, 0.3333333333333333, 0.0","0.328125, 0.8181818181818182, 1.0"
20241108-064754,欠損値削除,"P1, P2, P3, P4, P5, P6, P7, P8, P9, P10, P11, P12, P13, D1, D2, D3, D4, D5, D6, D7, D8, D9, D10, D11, D12, D13, D14, D15, D16, D17, D18","1.0, 1.0, 1.0, 1.0, 1.0, 1.0, 1.0, 1.0, 1.0, 1.0, 1.0, 1.0, 1.0, 1.0, 1.0, 1.0, 1.0, 1.0, 1.0, 1.0, 1.0, 1.0, 1.0, 1.0, 1.0, 1.0, 1.0, 1.0, 1.0, 1.0, 1.0",64.63414634146342,"0.82, 0.4444444444444444, 0.0","0.40625, 0.8181818181818182, 1.0"
20241108-064754,欠損値削除,"P1, P2, P3, P4, P5, P6, P7, P8, P9, P10, P11, P12, P13, D1, D2, D3, D4, D5, D6, D7, D8, D9, D10, D11, D12, D13, D14, D15, D16, D17, D18","1.0, 1.0, 1.0, 1.0, 1.0, 1.0, 1.0, 1.0, 1.0, 1.0, 1.0, 1.0, 1.0, 1.0, 1.0, 1.0, 1.0, 1.0, 1.0, 1.0, 1.0, 1.0, 1.0, 1.0, 1.0, 1.0, 1.0, 1.0, 1.0, 1.0, 1.0",65.2439024390244,"0.76, 0.5740740740740741, 0.0","0.515625, 0.7727272727272727, 0.9935064935064936"
20241108-064755,欠損値削除,"P1, P2, P3, P4, P5, P6, P7, P8, P9, P10, P11, P12, P13, D1, D2, D3, D4, D5, D6, D7, D8, D9, D10, D11, D12, D13, D14, D15, D16, D17, D18","1.0, 1.0, 1.0, 1.0, 1.0, 1.0, 1.0, 1.0, 1.0, 1.0, 1.0, 1.0, 1.0, 1.0, 1.0, 1.0, 1.0, 1.0, 1.0, 1.0, 1.0, 1.0, 1.0, 1.0, 1.0, 1.0, 1.0, 1.0, 1.0, 1.0, 1.0",70.73170731707317,"0.92, 0.4444444444444444, 0.0","0.390625, 0.9181818181818182, 1.0"
20241108-064756,欠損値削除,"P1, P2, P3, P4, P5, P6, P7, P8, P9, P10, P11, P12, P13, D1, D2, D3, D4, D5, D6, D7, D8, D9, D10, D11, D12, D13, D14, D15, D16, D17, D18","1.0, 1.0, 1.0, 1.0, 1.0, 1.0, 1.0, 1.0, 1.0, 1.0, 1.0, 1.0, 1.0, 1.0, 1.0, 1.0, 1.0, 1.0, 1.0, 1.0, 1.0, 1.0, 1.0, 1.0, 1.0, 1.0, 1.0, 1.0, 1.0, 1.0, 1.0",59.14634146341463,"0.82, 0.2777777777777778, 0.0","0.265625, 0.8181818181818182, 1.0"
20241108-064757,欠損値削除,"P1, P2, P3, P4, P5, P6, P7, P8, P9, P10, P11, P12, P13, D1, D2, D3, D4, D5, D6, D7, D8, D9, D10, D11, D12, D13, D14, D15, D16, D17, D18","1.0, 1.0, 1.0, 1.0, 1.0, 1.0, 1.0, 1.0, 1.0, 1.0, 1.0, 1.0, 1.0, 1.0, 1.0, 1.0, 1.0, 1.0, 1.0, 1.0, 1.0, 1.0, 1.0, 1.0, 1.0, 1.0, 1.0, 1.0, 1.0, 1.0, 1.0",53.65853658536586,"0.67, 0.37037037037037035, 0.1","0.375, 0.6909090909090909, 0.987012987012987"
20241108-064758,欠損値削除,"P1, P2, P3, P4, P5, P6, P7, P8, P9, P10, P11, P12, P13, D1, D2, D3, D4, D5, D6, D7, D8, D9, D10, D11, D12, D13, D14, D15, D16, D17, D18","1.0, 1.0, 1.0, 1.0, 1.0, 1.0, 1.0, 1.0, 1.0, 1.0, 1.0, 1.0, 1.0, 1.0, 1.0, 1.0, 1.0, 1.0, 1.0, 1.0, 1.0, 1.0, 1.0, 1.0, 1.0, 1.0, 1.0, 1.0, 1.0, 1.0, 1.0",56.70731707317073,"0.73, 0.37037037037037035, 0.0","0.34375, 0.7454545454545455, 0.9935064935064936"
20241108-064759,欠損値削除,"P1, P2, P3, P4, P5, P6, P7, P8, P9, P10, P11, P12, P13, D1, D2, D3, D4, D5, D6, D7, D8, D9, D10, D11, D12, D13, D14, D15, D16, D17, D18","1.0, 1.0, 1.0, 1.0, 1.0, 1.0, 1.0, 1.0, 1.0, 1.0, 1.0, 1.0, 1.0, 1.0, 1.0, 1.0, 1.0, 1.0, 1.0, 1.0, 1.0, 1.0, 1.0, 1.0, 1.0, 1.0, 1.0, 1.0, 1.0, 1.0, 1.0",62.80487804878049,"0.79, 0.4444444444444444, 0.0","0.4375, 0.7727272727272727, 1.0"
20241108-064800,欠損値削除,"P1, P2, P3, P4, P5, P6, P7, P8, P9, P10, P11, P12, P13, D1, D2, D3, D4, D5, D6, D7, D8, D9, D10, D11, D12, D13, D14, D15, D16, D17, D18","1.0, 1.0, 1.0, 1.0, 1.0, 1.0, 1.0, 1.0, 1.0, 1.0, 1.0, 1.0, 1.0, 1.0, 1.0, 1.0, 1.0, 1.0, 1.0, 1.0, 1.0, 1.0, 1.0, 1.0, 1.0, 1.0, 1.0, 1.0, 1.0, 1.0, 1.0",67.6829268292683,"0.83, 0.5185185185185185, 0.0","0.5, 0.8363636363636363, 0.9805194805194806"
20241108-065250,欠損値削除,"P1, P2, P3, P4, P5, P6, P7, P8, P9, P10, P11, P12, P13, D1, D2, D3, D4, D5, D6, D7, D8, D9, D10, D11, D12, D13, D14, D15, D16, D17, D18","1.0, 1.0, 1.0, 1.0, 1.0, 1.0, 1.0, 1.0, 1.0, 1.0, 1.0, 1.0, 1.0, 1.0, 1.0, 1.0, 1.0, 1.0, 1.0, 1.0, 1.0, 1.0, 1.0, 1.0, 1.0, 1.0, 1.0, 1.0, 1.0, 1.0, 1.0",58.536585365853654,"0.81, 0.2777777777777778, 0.0","0.28125, 0.8, 1.0"
20241108-065254,欠損値削除,"P1, P2, P3, P4, P5, P6, P7, P8, P9, P10, P11, P12, P13, D1, D2, D3, D4, D5, D6, D7, D8, D9, D10, D11, D12, D13, D14, D15, D16, D17, D18","1.0, 1.0, 1.0, 1.0, 1.0, 1.0, 1.0, 1.0, 1.0, 1.0, 1.0, 1.0, 1.0, 1.0, 1.0, 1.0, 1.0, 1.0, 1.0, 1.0, 1.0, 1.0, 1.0, 1.0, 1.0, 1.0, 1.0, 1.0, 1.0, 1.0, 1.0",64.02439024390245,"0.82, 0.42592592592592593, 0.0","0.40625, 0.8090909090909091, 1.0"
20241108-065255,欠損値削除,"P1, P2, P3, P4, P5, P6, P7, P8, P9, P10, P11, P12, P13, D1, D2, D3, D4, D5, D6, D7, D8, D9, D10, D11, D12, D13, D14, D15, D16, D17, D18","1.0, 1.0, 1.0, 1.0, 1.0, 1.0, 1.0, 1.0, 1.0, 1.0, 1.0, 1.0, 1.0, 1.0, 1.0, 1.0, 1.0, 1.0, 1.0, 1.0, 1.0, 1.0, 1.0, 1.0, 1.0, 1.0, 1.0, 1.0, 1.0, 1.0, 1.0",69.51219512195121,"0.89, 0.46296296296296297, 0.0","0.40625, 0.8909090909090909, 1.0"
20241108-065255,欠損値削除,"P1, P2, P3, P4, P5, P6, P7, P8, P9, P10, P11, P12, P13, D1, D2, D3, D4, D5, D6, D7, D8, D9, D10, D11, D12, D13, D14, D15, D16, D17, D18","1.0, 1.0, 1.0, 1.0, 1.0, 1.0, 1.0, 1.0, 1.0, 1.0, 1.0, 1.0, 1.0, 1.0, 1.0, 1.0, 1.0, 1.0, 1.0, 1.0, 1.0, 1.0, 1.0, 1.0, 1.0, 1.0, 1.0, 1.0, 1.0, 1.0, 1.0",60.36585365853659,"0.73, 0.46296296296296297, 0.1","0.421875, 0.7454545454545455, 1.0"
20241108-065256,欠損値削除,"P1, P2, P3, P4, P5, P6, P7, P8, P9, P10, P11, P12, P13, D1, D2, D3, D4, D5, D6, D7, D8, D9, D10, D11, D12, D13, D14, D15, D16, D17, D18","1.0, 1.0, 1.0, 1.0, 1.0, 1.0, 1.0, 1.0, 1.0, 1.0, 1.0, 1.0, 1.0, 1.0, 1.0, 1.0, 1.0, 1.0, 1.0, 1.0, 1.0, 1.0, 1.0, 1.0, 1.0, 1.0, 1.0, 1.0, 1.0, 1.0, 1.0",57.3170731707317,"0.73, 0.3888888888888889, 0.0","0.359375, 0.7454545454545455, 0.9935064935064936"
20241108-065257,欠損値削除,"P1, P2, P3, P4, P5, P6, P7, P8, P9, P10, P11, P12, P13, D1, D2, D3, D4, D5, D6, D7, D8, D9, D10, D11, D12, D13, D14, D15, D16, D17, D18","1.0, 1.0, 1.0, 1.0, 1.0, 1.0, 1.0, 1.0, 1.0, 1.0, 1.0, 1.0, 1.0, 1.0, 1.0, 1.0, 1.0, 1.0, 1.0, 1.0, 1.0, 1.0, 1.0, 1.0, 1.0, 1.0, 1.0, 1.0, 1.0, 1.0, 1.0",70.73170731707317,"0.86, 0.5555555555555556, 0.0","0.5, 0.8545454545454545, 1.0"
20241108-065258,欠損値削除,"P1, P2, P3, P4, P5, P6, P7, P8, P9, P10, P11, P12, P13, D1, D2, D3, D4, D5, D6, D7, D8, D9, D10, D11, D12, D13, D14, D15, D16, D17, D18","1.0, 1.0, 1.0, 1.0, 1.0, 1.0, 1.0, 1.0, 1.0, 1.0, 1.0, 1.0, 1.0, 1.0, 1.0, 1.0, 1.0, 1.0, 1.0, 1.0, 1.0, 1.0, 1.0, 1.0, 1.0, 1.0, 1.0, 1.0, 1.0, 1.0, 1.0",68.29268292682927,"0.83, 0.5370370370370371, 0.0","0.5, 0.8181818181818182, 1.0"
20241108-065258,欠損値削除,"P1, P2, P3, P4, P5, P6, P7, P8, P9, P10, P11, P12, P13, D1, D2, D3, D4, D5, D6, D7, D8, D9, D10, D11, D12, D13, D14, D15, D16, D17, D18","1.0, 1.0, 1.0, 1.0, 1.0, 1.0, 1.0, 1.0, 1.0, 1.0, 1.0, 1.0, 1.0, 1.0, 1.0, 1.0, 1.0, 1.0, 1.0, 1.0, 1.0, 1.0, 1.0, 1.0, 1.0, 1.0, 1.0, 1.0, 1.0, 1.0, 1.0",62.19512195121951,"0.73, 0.5370370370370371, 0.0","0.453125, 0.7545454545454545, 1.0"
20241108-065259,欠損値削除,"P1, P2, P3, P4, P5, P6, P7, P8, P9, P10, P11, P12, P13, D1, D2, D3, D4, D5, D6, D7, D8, D9, D10, D11, D12, D13, D14, D15, D16, D17, D18","1.0, 1.0, 1.0, 1.0, 1.0, 1.0, 1.0, 1.0, 1.0, 1.0, 1.0, 1.0, 1.0, 1.0, 1.0, 1.0, 1.0, 1.0, 1.0, 1.0, 1.0, 1.0, 1.0, 1.0, 1.0, 1.0, 1.0, 1.0, 1.0, 1.0, 1.0",66.46341463414635,"0.85, 0.4444444444444444, 0.0","0.421875, 0.8363636363636363, 1.0"
20241108-065300,欠損値削除,"P1, P2, P3, P4, P5, P6, P7, P8, P9, P10, P11, P12, P13, D1, D2, D3, D4, D5, D6, D7, D8, D9, D10, D11, D12, D13, D14, D15, D16, D17, D18","1.0, 1.0, 1.0, 1.0, 1.0, 1.0, 1.0, 1.0, 1.0, 1.0, 1.0, 1.0, 1.0, 1.0, 1.0, 1.0, 1.0, 1.0, 1.0, 1.0, 1.0, 1.0, 1.0, 1.0, 1.0, 1.0, 1.0, 1.0, 1.0, 1.0, 1.0",60.36585365853659,"0.87, 0.2222222222222222, 0.0","0.21875, 0.8636363636363636, 1.0"
20241108-065301,欠損値削除,"P1, P2, P3, P4, P5, P6, P7, P8, P9, P10, P11, P12, P13, D1, D2, D3, D4, D5, D6, D7, D8, D9, D10, D11, D12, D13, D14, D15, D16, D17, D18","1.0, 1.0, 1.0, 1.0, 1.0, 1.0, 1.0, 1.0, 1.0, 1.0, 1.0, 1.0, 1.0, 1.0, 1.0, 1.0, 1.0, 1.0, 1.0, 1.0, 1.0, 1.0, 1.0, 1.0, 1.0, 1.0, 1.0, 1.0, 1.0, 1.0, 1.0",66.46341463414635,"0.84, 0.4444444444444444, 0.1","0.4375, 0.8363636363636363, 0.9935064935064936"
20241108-065302,欠損値削除,"P1, P2, P3, P4, P5, P6, P7, P8, P9, P10, P11, P12, P13, D1, D2, D3, D4, D5, D6, D7, D8, D9, D10, D11, D12, D13, D14, D15, D16, D17, D18","1.0, 1.0, 1.0, 1.0, 1.0, 1.0, 1.0, 1.0, 1.0, 1.0, 1.0, 1.0, 1.0, 1.0, 1.0, 1.0, 1.0, 1.0, 1.0, 1.0, 1.0, 1.0, 1.0, 1.0, 1.0, 1.0, 1.0, 1.0, 1.0, 1.0, 1.0",53.65853658536586,"0.65, 0.42592592592592593, 0.0","0.390625, 0.6727272727272727, 0.9935064935064936"
20241108-065302,欠損値削除,"P1, P2, P3, P4, P5, P6, P7, P8, P9, P10, P11, P12, P13, D1, D2, D3, D4, D5, D6, D7, D8, D9, D10, D11, D12, D13, D14, D15, D16, D17, D18","1.0, 1.0, 1.0, 1.0, 1.0, 1.0, 1.0, 1.0, 1.0, 1.0, 1.0, 1.0, 1.0, 1.0, 1.0, 1.0, 1.0, 1.0, 1.0, 1.0, 1.0, 1.0, 1.0, 1.0, 1.0, 1.0, 1.0, 1.0, 1.0, 1.0, 1.0",64.63414634146342,"0.89, 0.2962962962962963, 0.1","0.3125, 0.8818181818181818, 0.9935064935064936"
20241108-065303,欠損値削除,"P1, P2, P3, P4, P5, P6, P7, P8, P9, P10, P11, P12, P13, D1, D2, D3, D4, D5, D6, D7, D8, D9, D10, D11, D12, D13, D14, D15, D16, D17, D18","1.0, 1.0, 1.0, 1.0, 1.0, 1.0, 1.0, 1.0, 1.0, 1.0, 1.0, 1.0, 1.0, 1.0, 1.0, 1.0, 1.0, 1.0, 1.0, 1.0, 1.0, 1.0, 1.0, 1.0, 1.0, 1.0, 1.0, 1.0, 1.0, 1.0, 1.0",64.02439024390245,"0.78, 0.5, 0.0","0.484375, 0.7636363636363637, 1.0"
20241108-065305,欠損値削除,"P1, P2, P3, P4, P5, P6, P7, P8, P9, P10, P11, P12, P13, D1, D2, D3, D4, D5, D6, D7, D8, D9, D10, D11, D12, D13, D14, D15, D16, D17, D18","1.0, 1.0, 1.0, 1.0, 1.0, 1.0, 1.0, 1.0, 1.0, 1.0, 1.0, 1.0, 1.0, 1.0, 1.0, 1.0, 1.0, 1.0, 1.0, 1.0, 1.0, 1.0, 1.0, 1.0, 1.0, 1.0, 1.0, 1.0, 1.0, 1.0, 1.0",61.58536585365854,"0.77, 0.4444444444444444, 0.0","0.421875, 0.7636363636363637, 1.0"
20241108-065305,欠損値削除,"P1, P2, P3, P4, P5, P6, P7, P8, P9, P10, P11, P12, P13, D1, D2, D3, D4, D5, D6, D7, D8, D9, D10, D11, D12, D13, D14, D15, D16, D17, D18","1.0, 1.0, 1.0, 1.0, 1.0, 1.0, 1.0, 1.0, 1.0, 1.0, 1.0, 1.0, 1.0, 1.0, 1.0, 1.0, 1.0, 1.0, 1.0, 1.0, 1.0, 1.0, 1.0, 1.0, 1.0, 1.0, 1.0, 1.0, 1.0, 1.0, 1.0",62.80487804878049,"0.71, 0.5925925925925926, 0.0","0.53125, 0.7181818181818181, 1.0"
20241108-065306,欠損値削除,"P1, P2, P3, P4, P5, P6, P7, P8, P9, P10, P11, P12, P13, D1, D2, D3, D4, D5, D6, D7, D8, D9, D10, D11, D12, D13, D14, D15, D16, D17, D18","1.0, 1.0, 1.0, 1.0, 1.0, 1.0, 1.0, 1.0, 1.0, 1.0, 1.0, 1.0, 1.0, 1.0, 1.0, 1.0, 1.0, 1.0, 1.0, 1.0, 1.0, 1.0, 1.0, 1.0, 1.0, 1.0, 1.0, 1.0, 1.0, 1.0, 1.0",66.46341463414635,"0.79, 0.5555555555555556, 0.0","0.5, 0.7909090909090909, 1.0"
20241108-065307,欠損値削除,"P1, P2, P3, P4, P5, P6, P7, P8, P9, P10, P11, P12, P13, D1, D2, D3, D4, D5, D6, D7, D8, D9, D10, D11, D12, D13, D14, D15, D16, D17, D18","1.0, 1.0, 1.0, 1.0, 1.0, 1.0, 1.0, 1.0, 1.0, 1.0, 1.0, 1.0, 1.0, 1.0, 1.0, 1.0, 1.0, 1.0, 1.0, 1.0, 1.0, 1.0, 1.0, 1.0, 1.0, 1.0, 1.0, 1.0, 1.0, 1.0, 1.0",70.1219512195122,"0.79, 0.6481481481481481, 0.1","0.59375, 0.7909090909090909, 1.0"
20241108-065311,欠損値削除,"P1, P2, P3, P4, P5, P6, P7, P8, P9, P10, P11, P12, P13, D1, D2, D3, D4, D5, D6, D7, D8, D9, D10, D11, D12, D13, D14, D15, D16, D17, D18","1.0, 1.0, 1.0, 1.0, 1.0, 1.0, 1.0, 1.0, 1.0, 1.0, 1.0, 1.0, 1.0, 1.0, 1.0, 1.0, 1.0, 1.0, 1.0, 1.0, 1.0, 1.0, 1.0, 1.0, 1.0, 1.0, 1.0, 1.0, 1.0, 1.0, 1.0",67.07317073170732,"0.86, 0.4444444444444444, 0.0","0.421875, 0.8454545454545455, 1.0"
20241108-065312,欠損値削除,"P1, P2, P3, P4, P5, P6, P7, P8, P9, P10, P11, P12, P13, D1, D2, D3, D4, D5, D6, D7, D8, D9, D10, D11, D12, D13, D14, D15, D16, D17, D18","1.0, 1.0, 1.0, 1.0, 1.0, 1.0, 1.0, 1.0, 1.0, 1.0, 1.0, 1.0, 1.0, 1.0, 1.0, 1.0, 1.0, 1.0, 1.0, 1.0, 1.0, 1.0, 1.0, 1.0, 1.0, 1.0, 1.0, 1.0, 1.0, 1.0, 1.0",60.97560975609756,"0.7, 0.5555555555555556, 0.0","0.46875, 0.7272727272727273, 1.0"
20241108-065312,欠損値削除,"P1, P2, P3, P4, P5, P6, P7, P8, P9, P10, P11, P12, P13, D1, D2, D3, D4, D5, D6, D7, D8, D9, D10, D11, D12, D13, D14, D15, D16, D17, D18","1.0, 1.0, 1.0, 1.0, 1.0, 1.0, 1.0, 1.0, 1.0, 1.0, 1.0, 1.0, 1.0, 1.0, 1.0, 1.0, 1.0, 1.0, 1.0, 1.0, 1.0, 1.0, 1.0, 1.0, 1.0, 1.0, 1.0, 1.0, 1.0, 1.0, 1.0",57.3170731707317,"0.68, 0.48148148148148145, 0.0","0.4375, 0.7090909090909091, 0.987012987012987"
20241108-065313,欠損値削除,"P1, P2, P3, P4, P5, P6, P7, P8, P9, P10, P11, P12, P13, D1, D2, D3, D4, D5, D6, D7, D8, D9, D10, D11, D12, D13, D14, D15, D16, D17, D18","1.0, 1.0, 1.0, 1.0, 1.0, 1.0, 1.0, 1.0, 1.0, 1.0, 1.0, 1.0, 1.0, 1.0, 1.0, 1.0, 1.0, 1.0, 1.0, 1.0, 1.0, 1.0, 1.0, 1.0, 1.0, 1.0, 1.0, 1.0, 1.0, 1.0, 1.0",74.39024390243902,"0.84, 0.7037037037037037, 0.0","0.59375, 0.8545454545454545, 1.0"
20241108-065321,欠損値削除,"P1, P2, P3, P4, P5, P6, P7, P8, P9, P10, P11, P12, P13, D1, D2, D3, D4, D5, D6, D7, D8, D9, D10, D11, D12, D13, D14, D15, D16, D17, D18","1.0, 1.0, 1.0, 1.0, 1.0, 1.0, 1.0, 1.0, 1.0, 1.0, 1.0, 1.0, 1.0, 1.0, 1.0, 1.0, 1.0, 1.0, 1.0, 1.0, 1.0, 1.0, 1.0, 1.0, 1.0, 1.0, 1.0, 1.0, 1.0, 1.0, 1.0",62.19512195121951,"0.75, 0.5, 0.0","0.4375, 0.7636363636363637, 1.0"
20241108-065322,欠損値削除,"P1, P2, P3, P4, P5, P6, P7, P8, P9, P10, P11, P12, P13, D1, D2, D3, D4, D5, D6, D7, D8, D9, D10, D11, D12, D13, D14, D15, D16, D17, D18","1.0, 1.0, 1.0, 1.0, 1.0, 1.0, 1.0, 1.0, 1.0, 1.0, 1.0, 1.0, 1.0, 1.0, 1.0, 1.0, 1.0, 1.0, 1.0, 1.0, 1.0, 1.0, 1.0, 1.0, 1.0, 1.0, 1.0, 1.0, 1.0, 1.0, 1.0",63.41463414634146,"0.83, 0.3888888888888889, 0.0","0.390625, 0.8090909090909091, 1.0"
20241108-144109,欠損値削除,"P2, P10, D3, D9, D17","1.0, 1.0, 1.0, 1.0, 1.0",59.756097560975604,"0.88, 0.18518518518518517, 0.0","0.15625, 0.8909090909090909, 1.0"
20241108-155101,欠損値削除,"P1, P2, P3, P4, P5, P6, D2, D3, D4, D5, D6","1.0, 1.0, 1.0, 1.0, 1.0, 1.0, 1.0, 1.0, 1.0, 1.0, 1.0",52.4390243902439,"0.54, 0.5925925925925926, 0.0","0.5625, 0.5454545454545454, 1.0"
20241118-154824,欠損値削除,"P1, P2, P3, P9, P10, D3, D9, D10","1.0, 1.0, 1.0, 1.0, 1.0, 1.0, 1.0, 1.0",60.36585365853659,"0.59, 0.7407407407407407, 0.0","0.6875, 0.5909090909090909, 1.0"
20241121-214307,欠損値削除,"P1, P2, P3, P4, P5, P6, P7, P8, P9, P10, P11, P12, P13, D1, D2, D3, D4, D5, D6, D7, D8, D9, D10, D11, D12, D13, D14, D15, D16, D17, D18","1.5, 1.5, 1.5, 1.5, 1.5, 0.5, 1.0, 1.5, 1.5, 1.0, 1.0, 1.5, 1.5, 1.0, 1.0, 1.0, 1.0, 0.5, 0.5, 0.5, 1.0, 1.0, 1.0, 1.0, 1.0, 1.0, 1.0, 1.0, 0.5, 1.0, 0.5",62.19512195121951,"0.81, 0.3888888888888889, 0.0","0.359375, 0.8090909090909091, 1.0"
20241121-214315,欠損値削除,"P1, P2, P3, P4, P5, P6, P7, P8, P9, P10, P11, P12, P13, D1, D2, D3, D4, D5, D6, D7, D8, D9, D10, D11, D12, D13, D14, D15, D16, D17, D18","1.5, 1.5, 1.5, 1.5, 1.5, 0.5, 1.0, 1.5, 1.5, 1.0, 1.0, 1.5, 1.5, 1.0, 1.0, 1.0, 1.0, 0.5, 0.5, 0.5, 1.0, 1.0, 1.0, 1.0, 1.0, 1.0, 1.0, 1.0, 0.5, 1.0, 0.5",60.97560975609756,"0.78, 0.4074074074074074, 0.0","0.359375, 0.8, 0.9935064935064936"
20241121-214316,欠損値削除,"P1, P2, P3, P4, P5, P6, P7, P8, P9, P10, P11, P12, P13, D1, D2, D3, D4, D5, D6, D7, D8, D9, D10, D11, D12, D13, D14, D15, D16, D17, D18","1.5, 1.5, 1.5, 1.5, 1.5, 0.5, 1.0, 1.5, 1.5, 1.0, 1.0, 1.5, 1.5, 1.0, 1.0, 1.0, 1.0, 0.5, 0.5, 0.5, 1.0, 1.0, 1.0, 1.0, 1.0, 1.0, 1.0, 1.0, 0.5, 1.0, 0.5",66.46341463414635,"0.77, 0.5925925925925926, 0.0","0.53125, 0.7727272727272727, 1.0"
20241121-214316,欠損値削除,"P1, P2, P3, P4, P5, P6, P7, P8, P9, P10, P11, P12, P13, D1, D2, D3, D4, D5, D6, D7, D8, D9, D10, D11, D12, D13, D14, D15, D16, D17, D18","1.5, 1.5, 1.5, 1.5, 1.5, 0.5, 1.0, 1.5, 1.5, 1.0, 1.0, 1.5, 1.5, 1.0, 1.0, 1.0, 1.0, 0.5, 0.5, 0.5, 1.0, 1.0, 1.0, 1.0, 1.0, 1.0, 1.0, 1.0, 0.5, 1.0, 0.5",57.92682926829268,"0.66, 0.5185185185185185, 0.1","0.484375, 0.6818181818181818, 0.9935064935064936"
20241121-214317,欠損値削除,"P1, P2, P3, P4, P5, P6, P7, P8, P9, P10, P11, P12, P13, D1, D2, D3, D4, D5, D6, D7, D8, D9, D10, D11, D12, D13, D14, D15, D16, D17, D18","1.5, 1.5, 1.5, 1.5, 1.5, 0.5, 1.0, 1.5, 1.5, 1.0, 1.0, 1.5, 1.5, 1.0, 1.0, 1.0, 1.0, 0.5, 0.5, 0.5, 1.0, 1.0, 1.0, 1.0, 1.0, 1.0, 1.0, 1.0, 0.5, 1.0, 0.5",56.70731707317073,"0.73, 0.37037037037037035, 0.0","0.34375, 0.7363636363636363, 1.0"
20241121-214318,欠損値削除,"P1, P2, P3, P4, P5, P6, P7, P8, P9, P10, P11, P12, P13, D1, D2, D3, D4, D5, D6, D7, D8, D9, D10, D11, D12, D13, D14, D15, D16, D17, D18","1.5, 1.5, 1.5, 1.5, 1.5, 0.5, 1.0, 1.5, 1.5, 1.0, 1.0, 1.5, 1.5, 1.0, 1.0, 1.0, 1.0, 0.5, 0.5, 0.5, 1.0, 1.0, 1.0, 1.0, 1.0, 1.0, 1.0, 1.0, 0.5, 1.0, 0.5",67.07317073170732,"0.76, 0.6296296296296297, 0.0","0.5625, 0.7636363636363637, 1.0"
20241121-214319,欠損値削除,"P1, P2, P3, P4, P5, P6, P7, P8, P9, P10, P11, P12, P13, D1, D2, D3, D4, D5, D6, D7, D8, D9, D10, D11, D12, D13, D14, D15, D16, D17, D18","1.5, 1.5, 1.5, 1.5, 1.5, 0.5, 1.0, 1.5, 1.5, 1.0, 1.0, 1.5, 1.5, 1.0, 1.0, 1.0, 1.0, 0.5, 0.5, 0.5, 1.0, 1.0, 1.0, 1.0, 1.0, 1.0, 1.0, 1.0, 0.5, 1.0, 0.5",61.58536585365854,"0.72, 0.5370370370370371, 0.0","0.484375, 0.7272727272727273, 1.0"
20241121-214320,欠損値削除,"P1, P2, P3, P4, P5, P6, P7, P8, P9, P10, P11, P12, P13, D1, D2, D3, D4, D5, D6, D7, D8, D9, D10, D11, D12, D13, D14, D15, D16, D17, D18","1.5, 1.5, 1.5, 1.5, 1.5, 0.5, 1.0, 1.5, 1.5, 1.0, 1.0, 1.5, 1.5, 1.0, 1.0, 1.0, 1.0, 0.5, 0.5, 0.5, 1.0, 1.0, 1.0, 1.0, 1.0, 1.0, 1.0, 1.0, 0.5, 1.0, 0.5",58.536585365853654,"0.72, 0.4444444444444444, 0.0","0.4375, 0.7272727272727273, 0.987012987012987"
20241121-214321,欠損値削除,"P1, P2, P3, P4, P5, P6, P7, P8, P9, P10, P11, P12, P13, D1, D2, D3, D4, D5, D6, D7, D8, D9, D10, D11, D12, D13, D14, D15, D16, D17, D18","1.5, 1.5, 1.5, 1.5, 1.5, 0.5, 1.0, 1.5, 1.5, 1.0, 1.0, 1.5, 1.5, 1.0, 1.0, 1.0, 1.0, 0.5, 0.5, 0.5, 1.0, 1.0, 1.0, 1.0, 1.0, 1.0, 1.0, 1.0, 0.5, 1.0, 0.5",65.2439024390244,"0.74, 0.6111111111111112, 0.0","0.546875, 0.7454545454545455, 1.0"
20241121-214321,欠損値削除,"P1, P2, P3, P4, P5, P6, P7, P8, P9, P10, P11, P12, P13, D1, D2, D3, D4, D5, D6, D7, D8, D9, D10, D11, D12, D13, D14, D15, D16, D17, D18","1.5, 1.5, 1.5, 1.5, 1.5, 0.5, 1.0, 1.5, 1.5, 1.0, 1.0, 1.5, 1.5, 1.0, 1.0, 1.0, 1.0, 0.5, 0.5, 0.5, 1.0, 1.0, 1.0, 1.0, 1.0, 1.0, 1.0, 1.0, 0.5, 1.0, 0.5",70.1219512195122,"0.87, 0.5185185185185185, 0.0","0.46875, 0.8636363636363636, 1.0"
20241122-062521,欠損値削除,"P1, P2, P3, P4, P5, P6, P7, P8, P9, P10, P11, P12, P13, D1, D2, D3, D4, D5, D6, D7, D8, D9, D10, D11, D12, D13, D14, D15, D16, D17, D18","1.0, 1.0, 1.0, 1.0, 1.0, 1.0, 1.0, 1.5, 0.5, 1.0, 1.0, 1.5, 1.0, 1.0, 1.0, 1.0, 1.0, 1.0, 1.0, 1.0, 1.0, 1.0, 0.5, 1.0, 1.0, 1.0, 0.5, 0.5, 1.0, 0.5, 1.0",61.58536585365854,"0.91, 0.18518518518518517, 0.0","0.171875, 0.9090909090909091, 1.0"
20241122-062524,欠損値削除,"P1, P2, P3, P4, P5, P6, P7, P8, P9, P10, P11, P12, P13, D1, D2, D3, D4, D5, D6, D7, D8, D9, D10, D11, D12, D13, D14, D15, D16, D17, D18","1.0, 1.0, 1.0, 1.0, 1.0, 1.0, 1.0, 1.5, 0.5, 1.0, 1.0, 1.5, 1.0, 1.0, 1.0, 1.0, 1.0, 1.0, 1.0, 1.0, 1.0, 1.0, 0.5, 1.0, 1.0, 1.0, 0.5, 0.5, 1.0, 0.5, 1.0",68.90243902439023,"0.8, 0.6111111111111112, 0.0","0.5625, 0.8, 0.9935064935064936"
20241122-062525,欠損値削除,"P1, P2, P3, P4, P5, P6, P7, P8, P9, P10, P11, P12, P13, D1, D2, D3, D4, D5, D6, D7, D8, D9, D10, D11, D12, D13, D14, D15, D16, D17, D18","1.0, 1.0, 1.0, 1.0, 1.0, 1.0, 1.0, 1.5, 0.5, 1.0, 1.0, 1.5, 1.0, 1.0, 1.0, 1.0, 1.0, 1.0, 1.0, 1.0, 1.0, 1.0, 0.5, 1.0, 1.0, 1.0, 0.5, 0.5, 1.0, 0.5, 1.0",67.6829268292683,"0.84, 0.5, 0.0","0.453125, 0.8636363636363636, 0.9805194805194806"
20241122-062525,欠損値削除,"P1, P2, P3, P4, P5, P6, P7, P8, P9, P10, P11, P12, P13, D1, D2, D3, D4, D5, D6, D7, D8, D9, D10, D11, D12, D13, D14, D15, D16, D17, D18","1.0, 1.0, 1.0, 1.0, 1.0, 1.0, 1.0, 1.5, 0.5, 1.0, 1.0, 1.5, 1.0, 1.0, 1.0, 1.0, 1.0, 1.0, 1.0, 1.0, 1.0, 1.0, 0.5, 1.0, 1.0, 1.0, 0.5, 0.5, 1.0, 0.5, 1.0",61.58536585365854,"0.78, 0.42592592592592593, 0.0","0.40625, 0.7727272727272727, 1.0"
20241122-062526,欠損値削除,"P1, P2, P3, P4, P5, P6, P7, P8, P9, P10, P11, P12, P13, D1, D2, D3, D4, D5, D6, D7, D8, D9, D10, D11, D12, D13, D14, D15, D16, D17, D18","1.0, 1.0, 1.0, 1.0, 1.0, 1.0, 1.0, 1.5, 0.5, 1.0, 1.0, 1.5, 1.0, 1.0, 1.0, 1.0, 1.0, 1.0, 1.0, 1.0, 1.0, 1.0, 0.5, 1.0, 1.0, 1.0, 0.5, 0.5, 1.0, 0.5, 1.0",59.14634146341463,"0.78, 0.35185185185185186, 0.0","0.359375, 0.7636363636363637, 1.0"
20241122-062527,欠損値削除,"P1, P2, P3, P4, P5, P6, P7, P8, P9, P10, P11, P12, P13, D1, D2, D3, D4, D5, D6, D7, D8, D9, D10, D11, D12, D13, D14, D15, D16, D17, D18","1.0, 1.0, 1.0, 1.0, 1.0, 1.0, 1.0, 1.5, 0.5, 1.0, 1.0, 1.5, 1.0, 1.0, 1.0, 1.0, 1.0, 1.0, 1.0, 1.0, 1.0, 1.0, 0.5, 1.0, 1.0, 1.0, 0.5, 0.5, 1.0, 0.5, 1.0",64.02439024390245,"0.8, 0.4444444444444444, 0.1","0.4375, 0.8181818181818182, 0.9805194805194806"
20241122-062527,欠損値削除,"P1, P2, P3, P4, P5, P6, P7, P8, P9, P10, P11, P12, P13, D1, D2, D3, D4, D5, D6, D7, D8, D9, D10, D11, D12, D13, D14, D15, D16, D17, D18","1.0, 1.0, 1.0, 1.0, 1.0, 1.0, 1.0, 1.5, 0.5, 1.0, 1.0, 1.5, 1.0, 1.0, 1.0, 1.0, 1.0, 1.0, 1.0, 1.0, 1.0, 1.0, 0.5, 1.0, 1.0, 1.0, 0.5, 0.5, 1.0, 0.5, 1.0",65.2439024390244,"0.82, 0.46296296296296297, 0.0","0.4375, 0.8090909090909091, 1.0"
20241122-062530,欠損値削除,"P1, P2, P3, P4, P5, P6, P7, P8, P9, P10, P11, P12, P13, D1, D2, D3, D4, D5, D6, D7, D8, D9, D10, D11, D12, D13, D14, D15, D16, D17, D18","1.0, 1.0, 1.0, 1.0, 1.0, 1.0, 1.0, 1.5, 0.5, 1.0, 1.0, 1.5, 1.0, 1.0, 1.0, 1.0, 1.0, 1.0, 1.0, 1.0, 1.0, 1.0, 0.5, 1.0, 1.0, 1.0, 0.5, 0.5, 1.0, 0.5, 1.0",59.756097560975604,"0.76, 0.4074074074074074, 0.0","0.359375, 0.7909090909090909, 0.987012987012987"
20241122-062531,欠損値削除,"P1, P2, P3, P4, P5, P6, P7, P8, P9, P10, P11, P12, P13, D1, D2, D3, D4, D5, D6, D7, D8, D9, D10, D11, D12, D13, D14, D15, D16, D17, D18","1.0, 1.0, 1.0, 1.0, 1.0, 1.0, 1.0, 1.5, 0.5, 1.0, 1.0, 1.5, 1.0, 1.0, 1.0, 1.0, 1.0, 1.0, 1.0, 1.0, 1.0, 1.0, 0.5, 1.0, 1.0, 1.0, 0.5, 0.5, 1.0, 0.5, 1.0",65.85365853658537,"0.8, 0.5185185185185185, 0.0","0.5, 0.7818181818181819, 1.0"
20241122-062829,中央値補完,"P1, P2, P3, P4, P5, P6, P7, P8, P9, P10, P11, P12, P13, D1, D2, D3, D4, D5, D6, D7, D8, D9, D10, D11, D12, D13, D14, D15, D16, D17, D18","1.0, 1.0, 1.0, 1.0, 1.0, 1.0, 1.0, 1.5, 0.5, 1.0, 1.0, 1.5, 1.0, 1.0, 1.0, 1.0, 1.0, 1.0, 1.0, 1.0, 1.0, 1.0, 0.5, 1.0, 1.0, 1.0, 0.5, 0.5, 1.0, 0.5, 1.0",53.52697095435685,"0.6598639455782312, 0.41025641025641024, 0.0","0.39361702127659576, 0.7300613496932515, 0.9511111111111111"
20241122-062831,中央値補完,"P1, P2, P3, P4, P5, P6, P7, P8, P9, P10, P11, P12, P13, D1, D2, D3, D4, D5, D6, D7, D8, D9, D10, D11, D12, D13, D14, D15, D16, D17, D18","1.0, 1.0, 1.0, 1.0, 1.0, 1.0, 1.0, 1.5, 0.5, 1.0, 1.0, 1.5, 1.0, 1.0, 1.0, 1.0, 1.0, 1.0, 1.0, 1.0, 1.0, 1.0, 0.5, 1.0, 1.0, 1.0, 0.5, 0.5, 1.0, 0.5, 1.0",63.90041493775933,"0.7551020408163265, 0.5512820512820513, 0.0","0.5, 0.7607361963190185, 0.9955555555555555"
20241122-062832,中央値補完,"P1, P2, P3, P4, P5, P6, P7, P8, P9, P10, P11, P12, P13, D1, D2, D3, D4, D5, D6, D7, D8, D9, D10, D11, D12, D13, D14, D15, D16, D17, D18","1.0, 1.0, 1.0, 1.0, 1.0, 1.0, 1.0, 1.5, 0.5, 1.0, 1.0, 1.5, 1.0, 1.0, 1.0, 1.0, 1.0, 1.0, 1.0, 1.0, 1.0, 1.0, 0.5, 1.0, 1.0, 1.0, 0.5, 0.5, 1.0, 0.5, 1.0",53.52697095435685,"0.7142857142857143, 0.3076923076923077, 0.0","0.2872340425531915, 0.7607361963190185, 0.9733333333333334"
20241122-062832,中央値補完,"P1, P2, P3, P4, P5, P6, P7, P8, P9, P10, P11, P12, P13, D1, D2, D3, D4, D5, D6, D7, D8, D9, D10, D11, D12, D13, D14, D15, D16, D17, D18","1.0, 1.0, 1.0, 1.0, 1.0, 1.0, 1.0, 1.5, 0.5, 1.0, 1.0, 1.5, 1.0, 1.0, 1.0, 1.0, 1.0, 1.0, 1.0, 1.0, 1.0, 1.0, 0.5, 1.0, 1.0, 1.0, 0.5, 0.5, 1.0, 0.5, 1.0",55.18672199170125,"0.7142857142857143, 0.34615384615384615, 0.0625","0.3404255319148936, 0.7361963190184049, 0.9866666666666667"
20241122-062833,中央値補完,"P1, P2, P3, P4, P5, P6, P7, P8, P9, P10, P11, P12, P13, D1, D2, D3, D4, D5, D6, D7, D8, D9, D10, D11, D12, D13, D14, D15, D16, D17, D18","1.0, 1.0, 1.0, 1.0, 1.0, 1.0, 1.0, 1.5, 0.5, 1.0, 1.0, 1.5, 1.0, 1.0, 1.0, 1.0, 1.0, 1.0, 1.0, 1.0, 1.0, 1.0, 0.5, 1.0, 1.0, 1.0, 0.5, 0.5, 1.0, 0.5, 1.0",57.26141078838174,"0.7142857142857143, 0.38461538461538464, 0.1875","0.4148936170212766, 0.8466257668711656, 0.8977777777777778"
20241122-062834,中央値補完,"P1, P2, P3, P4, P5, P6, P7, P8, P9, P10, P11, P12, P13, D1, D2, D3, D4, D5, D6, D7, D8, D9, D10, D11, D12, D13, D14, D15, D16, D17, D18","1.0, 1.0, 1.0, 1.0, 1.0, 1.0, 1.0, 1.5, 0.5, 1.0, 1.0, 1.5, 1.0, 1.0, 1.0, 1.0, 1.0, 1.0, 1.0, 1.0, 1.0, 1.0, 0.5, 1.0, 1.0, 1.0, 0.5, 0.5, 1.0, 0.5, 1.0",67.63485477178423,"0.8095238095238095, 0.5641025641025641, 0.0","0.5212765957446809, 0.7975460122699386, 1.0"
20241122-062836,中央値補完,"P1, P2, P3, P4, P5, P6, P7, P8, P9, P10, P11, P12, P13, D1, D2, D3, D4, D5, D6, D7, D8, D9, D10, D11, D12, D13, D14, D15, D16, D17, D18","1.0, 1.0, 1.0, 1.0, 1.0, 1.0, 1.0, 1.5, 0.5, 1.0, 1.0, 1.5, 1.0, 1.0, 1.0, 1.0, 1.0, 1.0, 1.0, 1.0, 1.0, 1.0, 0.5, 1.0, 1.0, 1.0, 0.5, 0.5, 1.0, 0.5, 1.0",55.601659751037346,"0.6598639455782312, 0.3974358974358974, 0.375","0.425531914893617, 0.7607361963190185, 0.9377777777777778"
20241122-062837,中央値補完,"P1, P2, P3, P4, P5, P6, P7, P8, P9, P10, P11, P12, P13, D1, D2, D3, D4, D5, D6, D7, D8, D9, D10, D11, D12, D13, D14, D15, D16, D17, D18","1.0, 1.0, 1.0, 1.0, 1.0, 1.0, 1.0, 1.5, 0.5, 1.0, 1.0, 1.5, 1.0, 1.0, 1.0, 1.0, 1.0, 1.0, 1.0, 1.0, 1.0, 1.0, 0.5, 1.0, 1.0, 1.0, 0.5, 0.5, 1.0, 0.5, 1.0",62.655601659751035,"0.7142857142857143, 0.5256410256410257, 0.3125","0.5851063829787234, 0.8098159509202454, 0.9111111111111111"
20241122-062838,中央値補完,"P1, P2, P3, P4, P5, P6, P7, P8, P9, P10, P11, P12, P13, D1, D2, D3, D4, D5, D6, D7, D8, D9, D10, D11, D12, D13, D14, D15, D16, D17, D18","1.0, 1.0, 1.0, 1.0, 1.0, 1.0, 1.0, 1.5, 0.5, 1.0, 1.0, 1.5, 1.0, 1.0, 1.0, 1.0, 1.0, 1.0, 1.0, 1.0, 1.0, 1.0, 0.5, 1.0, 1.0, 1.0, 0.5, 0.5, 1.0, 0.5, 1.0",52.69709543568465,"0.6258503401360545, 0.41025641025641024, 0.1875","0.46808510638297873, 0.6748466257668712, 0.9511111111111111"
20241122-062839,中央値補完,"P1, P2, P3, P4, P5, P6, P7, P8, P9, P10, P11, P12, P13, D1, D2, D3, D4, D5, D6, D7, D8, D9, D10, D11, D12, D13, D14, D15, D16, D17, D18","1.0, 1.0, 1.0, 1.0, 1.0, 1.0, 1.0, 1.5, 0.5, 1.0, 1.0, 1.5, 1.0, 1.0, 1.0, 1.0, 1.0, 1.0, 1.0, 1.0, 1.0, 1.0, 0.5, 1.0, 1.0, 1.0, 0.5, 0.5, 1.0, 0.5, 1.0",58.09128630705395,"0.6938775510204082, 0.48717948717948717, 0.0","0.46808510638297873, 0.6871165644171779, 1.0"
20241122-062840,中央値補完,"P1, P2, P3, P4, P5, P6, P7, P8, P9, P10, P11, P12, P13, D1, D2, D3, D4, D5, D6, D7, D8, D9, D10, D11, D12, D13, D14, D15, D16, D17, D18","1.0, 1.0, 1.0, 1.0, 1.0, 1.0, 1.0, 1.5, 0.5, 1.0, 1.0, 1.5, 1.0, 1.0, 1.0, 1.0, 1.0, 1.0, 1.0, 1.0, 1.0, 1.0, 0.5, 1.0, 1.0, 1.0, 0.5, 0.5, 1.0, 0.5, 1.0",61.82572614107884,"0.7346938775510204, 0.5256410256410257, 0.0","0.48936170212765956, 0.7361963190184049, 0.9955555555555555"
20241122-062841,中央値補完,"P1, P2, P3, P4, P5, P6, P7, P8, P9, P10, P11, P12, P13, D1, D2, D3, D4, D5, D6, D7, D8, D9, D10, D11, D12, D13, D14, D15, D16, D17, D18","1.0, 1.0, 1.0, 1.0, 1.0, 1.0, 1.0, 1.5, 0.5, 1.0, 1.0, 1.5, 1.0, 1.0, 1.0, 1.0, 1.0, 1.0, 1.0, 1.0, 1.0, 1.0, 0.5, 1.0, 1.0, 1.0, 0.5, 0.5, 1.0, 0.5, 1.0",56.43153526970954,"0.7414965986394558, 0.34615384615384615, 0.0","0.3191489361702128, 0.754601226993865, 0.9955555555555555"
20241122-062842,中央値補完,"P1, P2, P3, P4, P5, P6, P7, P8, P9, P10, P11, P12, P13, D1, D2, D3, D4, D5, D6, D7, D8, D9, D10, D11, D12, D13, D14, D15, D16, D17, D18","1.0, 1.0, 1.0, 1.0, 1.0, 1.0, 1.0, 1.5, 0.5, 1.0, 1.0, 1.5, 1.0, 1.0, 1.0, 1.0, 1.0, 1.0, 1.0, 1.0, 1.0, 1.0, 0.5, 1.0, 1.0, 1.0, 0.5, 0.5, 1.0, 0.5, 1.0",54.77178423236515,"0.6394557823129252, 0.48717948717948717, 0.0","0.46808510638297873, 0.6687116564417178, 0.9777777777777777"
20241122-062843,中央値補完,"P1, P2, P3, P4, P5, P6, P7, P8, P9, P10, P11, P12, P13, D1, D2, D3, D4, D5, D6, D7, D8, D9, D10, D11, D12, D13, D14, D15, D16, D17, D18","1.0, 1.0, 1.0, 1.0, 1.0, 1.0, 1.0, 1.5, 0.5, 1.0, 1.0, 1.5, 1.0, 1.0, 1.0, 1.0, 1.0, 1.0, 1.0, 1.0, 1.0, 1.0, 0.5, 1.0, 1.0, 1.0, 0.5, 0.5, 1.0, 0.5, 1.0",54.356846473029044,"0.6190476190476191, 0.4358974358974359, 0.375","0.48936170212765956, 0.7116564417177914, 0.9333333333333333"
20241122-062844,中央値補完,"P1, P2, P3, P4, P5, P6, P7, P8, P9, P10, P11, P12, P13, D1, D2, D3, D4, D5, D6, D7, D8, D9, D10, D11, D12, D13, D14, D15, D16, D17, D18","1.0, 1.0, 1.0, 1.0, 1.0, 1.0, 1.0, 1.5, 0.5, 1.0, 1.0, 1.5, 1.0, 1.0, 1.0, 1.0, 1.0, 1.0, 1.0, 1.0, 1.0, 1.0, 0.5, 1.0, 1.0, 1.0, 0.5, 0.5, 1.0, 0.5, 1.0",47.71784232365145,"0.564625850340136, 0.38461538461538464, 0.125","0.35106382978723405, 0.6993865030674846, 0.9288888888888889"
20241122-062845,中央値補完,"P1, P2, P3, P4, P5, P6, P7, P8, P9, P10, P11, P12, P13, D1, D2, D3, D4, D5, D6, D7, D8, D9, D10, D11, D12, D13, D14, D15, D16, D17, D18","1.0, 1.0, 1.0, 1.0, 1.0, 1.0, 1.0, 1.5, 0.5, 1.0, 1.0, 1.5, 1.0, 1.0, 1.0, 1.0, 1.0, 1.0, 1.0, 1.0, 1.0, 1.0, 0.5, 1.0, 1.0, 1.0, 0.5, 0.5, 1.0, 0.5, 1.0",51.037344398340245,"0.5102040816326531, 0.6025641025641025, 0.0625","0.5957446808510638, 0.6257668711656442, 0.9155555555555556"
20241122-063100,平均値補完,"P1, P2, P3, P4, P5, P6, P7, P8, P9, P10, P11, P12, P13, D1, D2, D3, D4, D5, D6, D7, D8, D9, D10, D11, D12, D13, D14, D15, D16, D17, D18","1.0, 1.0, 1.0, 1.0, 1.0, 1.0, 1.0, 1.5, 0.5, 1.0, 1.0, 1.5, 1.0, 1.0, 1.0, 1.0, 1.0, 1.0, 1.0, 1.0, 1.0, 1.0, 0.5, 1.0, 1.0, 1.0, 0.5, 0.5, 1.0, 0.5, 1.0",61.41078838174274,"0.7619047619047619, 0.46153846153846156, 0.0","0.425531914893617, 0.7607361963190185, 1.0"
20241122-063102,平均値補完,"P1, P2, P3, P4, P5, P6, P7, P8, P9, P10, P11, P12, P13, D1, D2, D3, D4, D5, D6, D7, D8, D9, D10, D11, D12, D13, D14, D15, D16, D17, D18","1.0, 1.0, 1.0, 1.0, 1.0, 1.0, 1.0, 1.5, 0.5, 1.0, 1.0, 1.5, 1.0, 1.0, 1.0, 1.0, 1.0, 1.0, 1.0, 1.0, 1.0, 1.0, 0.5, 1.0, 1.0, 1.0, 0.5, 0.5, 1.0, 0.5, 1.0",54.356846473029044,"0.6666666666666666, 0.3717948717948718, 0.25","0.40425531914893614, 0.7730061349693251, 0.9244444444444444"
20241122-063103,平均値補完,"P1, P2, P3, P4, P5, P6, P7, P8, P9, P10, P11, P12, P13, D1, D2, D3, D4, D5, D6, D7, D8, D9, D10, D11, D12, D13, D14, D15, D16, D17, D18","1.0, 1.0, 1.0, 1.0, 1.0, 1.0, 1.0, 1.5, 0.5, 1.0, 1.0, 1.5, 1.0, 1.0, 1.0, 1.0, 1.0, 1.0, 1.0, 1.0, 1.0, 1.0, 0.5, 1.0, 1.0, 1.0, 0.5, 0.5, 1.0, 0.5, 1.0",56.43153526970954,"0.6122448979591837, 0.5384615384615384, 0.25","0.5638297872340425, 0.6871165644171779, 0.9422222222222222"
20241122-063104,平均値補完,"P1, P2, P3, P4, P5, P6, P7, P8, P9, P10, P11, P12, P13, D1, D2, D3, D4, D5, D6, D7, D8, D9, D10, D11, D12, D13, D14, D15, D16, D17, D18","1.0, 1.0, 1.0, 1.0, 1.0, 1.0, 1.0, 1.5, 0.5, 1.0, 1.0, 1.5, 1.0, 1.0, 1.0, 1.0, 1.0, 1.0, 1.0, 1.0, 1.0, 1.0, 0.5, 1.0, 1.0, 1.0, 0.5, 0.5, 1.0, 0.5, 1.0",65.14522821576763,"0.8231292517006803, 0.46153846153846156, 0.0","0.40425531914893614, 0.8343558282208589, 0.9955555555555555"
20241122-063105,平均値補完,"P1, P2, P3, P4, P5, P6, P7, P8, P9, P10, P11, P12, P13, D1, D2, D3, D4, D5, D6, D7, D8, D9, D10, D11, D12, D13, D14, D15, D16, D17, D18","1.0, 1.0, 1.0, 1.0, 1.0, 1.0, 1.0, 1.5, 0.5, 1.0, 1.0, 1.5, 1.0, 1.0, 1.0, 1.0, 1.0, 1.0, 1.0, 1.0, 1.0, 1.0, 0.5, 1.0, 1.0, 1.0, 0.5, 0.5, 1.0, 0.5, 1.0",60.16597510373444,"0.6802721088435374, 0.5769230769230769, 0.0","0.5106382978723404, 0.6932515337423313, 1.0"
20241122-063107,平均値補完,"P1, P2, P3, P4, P5, P6, P7, P8, P9, P10, P11, P12, P13, D1, D2, D3, D4, D5, D6, D7, D8, D9, D10, D11, D12, D13, D14, D15, D16, D17, D18","1.0, 1.0, 1.0, 1.0, 1.0, 1.0, 1.0, 1.5, 0.5, 1.0, 1.0, 1.5, 1.0, 1.0, 1.0, 1.0, 1.0, 1.0, 1.0, 1.0, 1.0, 1.0, 0.5, 1.0, 1.0, 1.0, 0.5, 0.5, 1.0, 0.5, 1.0",67.21991701244814,"0.8299319727891157, 0.48717948717948717, 0.125","0.46808510638297873, 0.8466257668711656, 0.9822222222222222"
20241122-063107,平均値補完,"P1, P2, P3, P4, P5, P6, P7, P8, P9, P10, P11, P12, P13, D1, D2, D3, D4, D5, D6, D7, D8, D9, D10, D11, D12, D13, D14, D15, D16, D17, D18","1.0, 1.0, 1.0, 1.0, 1.0, 1.0, 1.0, 1.5, 0.5, 1.0, 1.0, 1.5, 1.0, 1.0, 1.0, 1.0, 1.0, 1.0, 1.0, 1.0, 1.0, 1.0, 0.5, 1.0, 1.0, 1.0, 0.5, 0.5, 1.0, 0.5, 1.0",59.33609958506224,"0.6394557823129252, 0.5897435897435898, 0.1875","0.5851063829787234, 0.7423312883435583, 0.9244444444444444"
20241122-063108,平均値補完,"P1, P2, P3, P4, P5, P6, P7, P8, P9, P10, P11, P12, P13, D1, D2, D3, D4, D5, D6, D7, D8, D9, D10, D11, D12, D13, D14, D15, D16, D17, D18","1.0, 1.0, 1.0, 1.0, 1.0, 1.0, 1.0, 1.5, 0.5, 1.0, 1.0, 1.5, 1.0, 1.0, 1.0, 1.0, 1.0, 1.0, 1.0, 1.0, 1.0, 1.0, 0.5, 1.0, 1.0, 1.0, 0.5, 0.5, 1.0, 0.5, 1.0",62.655601659751035,"0.8299319727891157, 0.3717948717948718, 0.0","0.35106382978723405, 0.8282208588957055, 0.9955555555555555"
20241122-063109,平均値補完,"P1, P2, P3, P4, P5, P6, P7, P8, P9, P10, P11, P12, P13, D1, D2, D3, D4, D5, D6, D7, D8, D9, D10, D11, D12, D13, D14, D15, D16, D17, D18","1.0, 1.0, 1.0, 1.0, 1.0, 1.0, 1.0, 1.5, 0.5, 1.0, 1.0, 1.5, 1.0, 1.0, 1.0, 1.0, 1.0, 1.0, 1.0, 1.0, 1.0, 1.0, 0.5, 1.0, 1.0, 1.0, 0.5, 0.5, 1.0, 0.5, 1.0",59.75103734439834,"0.6598639455782312, 0.5384615384615384, 0.3125","0.5531914893617021, 0.7607361963190185, 0.9288888888888889"
20241122-063110,平均値補完,"P1, P2, P3, P4, P5, P6, P7, P8, P9, P10, P11, P12, P13, D1, D2, D3, D4, D5, D6, D7, D8, D9, D10, D11, D12, D13, D14, D15, D16, D17, D18","1.0, 1.0, 1.0, 1.0, 1.0, 1.0, 1.0, 1.5, 0.5, 1.0, 1.0, 1.5, 1.0, 1.0, 1.0, 1.0, 1.0, 1.0, 1.0, 1.0, 1.0, 1.0, 0.5, 1.0, 1.0, 1.0, 0.5, 0.5, 1.0, 0.5, 1.0",58.921161825726145,"0.7142857142857143, 0.4358974358974359, 0.1875","0.425531914893617, 0.8343558282208589, 0.92"
20241122-063110,平均値補完,"P1, P2, P3, P4, P5, P6, P7, P8, P9, P10, P11, P12, P13, D1, D2, D3, D4, D5, D6, D7, D8, D9, D10, D11, D12, D13, D14, D15, D16, D17, D18","1.0, 1.0, 1.0, 1.0, 1.0, 1.0, 1.0, 1.5, 0.5, 1.0, 1.0, 1.5, 1.0, 1.0, 1.0, 1.0, 1.0, 1.0, 1.0, 1.0, 1.0, 1.0, 0.5, 1.0, 1.0, 1.0, 0.5, 0.5, 1.0, 0.5, 1.0",60.99585062240664,"0.8095238095238095, 0.358974358974359, 0.0","0.39361702127659576, 0.7852760736196319, 0.9911111111111112"
20241122-063111,平均値補完,"P1, P2, P3, P4, P5, P6, P7, P8, P9, P10, P11, P12, P13, D1, D2, D3, D4, D5, D6, D7, D8, D9, D10, D11, D12, D13, D14, D15, D16, D17, D18","1.0, 1.0, 1.0, 1.0, 1.0, 1.0, 1.0, 1.5, 0.5, 1.0, 1.0, 1.5, 1.0, 1.0, 1.0, 1.0, 1.0, 1.0, 1.0, 1.0, 1.0, 1.0, 0.5, 1.0, 1.0, 1.0, 0.5, 0.5, 1.0, 0.5, 1.0",64.73029045643153,"0.6870748299319728, 0.7051282051282052, 0.0","0.6382978723404256, 0.6871165644171779, 1.0"
20241122-063212,k-NN法補完,"P1, P2, P3, P4, P5, P6, P7, P8, P9, P10, P11, P12, P13, D1, D2, D3, D4, D5, D6, D7, D8, D9, D10, D11, D12, D13, D14, D15, D16, D17, D18","1.0, 1.0, 1.0, 1.0, 1.0, 1.0, 1.0, 1.5, 0.5, 1.0, 1.0, 1.5, 1.0, 1.0, 1.0, 1.0, 1.0, 1.0, 1.0, 1.0, 1.0, 1.0, 0.5, 1.0, 1.0, 1.0, 0.5, 0.5, 1.0, 0.5, 1.0",59.75103734439834,"0.673469387755102, 0.5384615384615384, 0.1875","0.5531914893617021, 0.7607361963190185, 0.9288888888888889"
20241122-063214,k-NN法補完,"P1, P2, P3, P4, P5, P6, P7, P8, P9, P10, P11, P12, P13, D1, D2, D3, D4, D5, D6, D7, D8, D9, D10, D11, D12, D13, D14, D15, D16, D17, D18","1.0, 1.0, 1.0, 1.0, 1.0, 1.0, 1.0, 1.5, 0.5, 1.0, 1.0, 1.5, 1.0, 1.0, 1.0, 1.0, 1.0, 1.0, 1.0, 1.0, 1.0, 1.0, 0.5, 1.0, 1.0, 1.0, 0.5, 0.5, 1.0, 0.5, 1.0",61.41078838174274,"0.7551020408163265, 0.47435897435897434, 0.0","0.4787234042553192, 0.7300613496932515, 1.0"
20241122-063215,k-NN法補完,"P1, P2, P3, P4, P5, P6, P7, P8, P9, P10, P11, P12, P13, D1, D2, D3, D4, D5, D6, D7, D8, D9, D10, D11, D12, D13, D14, D15, D16, D17, D18","1.0, 1.0, 1.0, 1.0, 1.0, 1.0, 1.0, 1.5, 0.5, 1.0, 1.0, 1.5, 1.0, 1.0, 1.0, 1.0, 1.0, 1.0, 1.0, 1.0, 1.0, 1.0, 0.5, 1.0, 1.0, 1.0, 0.5, 0.5, 1.0, 0.5, 1.0",54.77178423236515,"0.7074829931972789, 0.358974358974359, 0.0","0.35106382978723405, 0.7055214723926381, 1.0"
20241122-063215,k-NN法補完,"P1, P2, P3, P4, P5, P6, P7, P8, P9, P10, P11, P12, P13, D1, D2, D3, D4, D5, D6, D7, D8, D9, D10, D11, D12, D13, D14, D15, D16, D17, D18","1.0, 1.0, 1.0, 1.0, 1.0, 1.0, 1.0, 1.5, 0.5, 1.0, 1.0, 1.5, 1.0, 1.0, 1.0, 1.0, 1.0, 1.0, 1.0, 1.0, 1.0, 1.0, 0.5, 1.0, 1.0, 1.0, 0.5, 0.5, 1.0, 0.5, 1.0",62.24066390041494,"0.8231292517006803, 0.3717948717948718, 0.0","0.3404255319148936, 0.8343558282208589, 0.9911111111111112"
20241122-063216,k-NN法補完,"P1, P2, P3, P4, P5, P6, P7, P8, P9, P10, P11, P12, P13, D1, D2, D3, D4, D5, D6, D7, D8, D9, D10, D11, D12, D13, D14, D15, D16, D17, D18","1.0, 1.0, 1.0, 1.0, 1.0, 1.0, 1.0, 1.5, 0.5, 1.0, 1.0, 1.5, 1.0, 1.0, 1.0, 1.0, 1.0, 1.0, 1.0, 1.0, 1.0, 1.0, 0.5, 1.0, 1.0, 1.0, 0.5, 0.5, 1.0, 0.5, 1.0",67.63485477178423,"0.8095238095238095, 0.5641025641025641, 0.0","0.4787234042553192, 0.8220858895705522, 1.0"
20241122-063216,k-NN法補完,"P1, P2, P3, P4, P5, P6, P7, P8, P9, P10, P11, P12, P13, D1, D2, D3, D4, D5, D6, D7, D8, D9, D10, D11, D12, D13, D14, D15, D16, D17, D18","1.0, 1.0, 1.0, 1.0, 1.0, 1.0, 1.0, 1.5, 0.5, 1.0, 1.0, 1.5, 1.0, 1.0, 1.0, 1.0, 1.0, 1.0, 1.0, 1.0, 1.0, 1.0, 0.5, 1.0, 1.0, 1.0, 0.5, 0.5, 1.0, 0.5, 1.0",61.41078838174274,"0.7551020408163265, 0.47435897435897434, 0.0","0.44680851063829785, 0.7607361963190185, 0.9911111111111112"
20241122-063217,k-NN法補完,"P1, P2, P3, P4, P5, P6, P7, P8, P9, P10, P11, P12, P13, D1, D2, D3, D4, D5, D6, D7, D8, D9, D10, D11, D12, D13, D14, D15, D16, D17, D18","1.0, 1.0, 1.0, 1.0, 1.0, 1.0, 1.0, 1.5, 0.5, 1.0, 1.0, 1.5, 1.0, 1.0, 1.0, 1.0, 1.0, 1.0, 1.0, 1.0, 1.0, 1.0, 0.5, 1.0, 1.0, 1.0, 0.5, 0.5, 1.0, 0.5, 1.0",65.56016597510373,"0.6938775510204082, 0.6538461538461539, 0.3125","0.648936170212766, 0.7852760736196319, 0.9333333333333333"
20241122-063218,k-NN法補完,"P1, P2, P3, P4, P5, P6, P7, P8, P9, P10, P11, P12, P13, D1, D2, D3, D4, D5, D6, D7, D8, D9, D10, D11, D12, D13, D14, D15, D16, D17, D18","1.0, 1.0, 1.0, 1.0, 1.0, 1.0, 1.0, 1.5, 0.5, 1.0, 1.0, 1.5, 1.0, 1.0, 1.0, 1.0, 1.0, 1.0, 1.0, 1.0, 1.0, 1.0, 0.5, 1.0, 1.0, 1.0, 0.5, 0.5, 1.0, 0.5, 1.0",60.58091286307054,"0.7551020408163265, 0.44871794871794873, 0.0","0.425531914893617, 0.754601226993865, 0.9955555555555555"
20241122-063218,k-NN法補完,"P1, P2, P3, P4, P5, P6, P7, P8, P9, P10, P11, P12, P13, D1, D2, D3, D4, D5, D6, D7, D8, D9, D10, D11, D12, D13, D14, D15, D16, D17, D18","1.0, 1.0, 1.0, 1.0, 1.0, 1.0, 1.0, 1.5, 0.5, 1.0, 1.0, 1.5, 1.0, 1.0, 1.0, 1.0, 1.0, 1.0, 1.0, 1.0, 1.0, 1.0, 0.5, 1.0, 1.0, 1.0, 0.5, 0.5, 1.0, 0.5, 1.0",54.77178423236515,"0.6666666666666666, 0.38461538461538464, 0.25","0.4148936170212766, 0.7300613496932515, 0.9555555555555556"
20241122-063219,k-NN法補完,"P1, P2, P3, P4, P5, P6, P7, P8, P9, P10, P11, P12, P13, D1, D2, D3, D4, D5, D6, D7, D8, D9, D10, D11, D12, D13, D14, D15, D16, D17, D18","1.0, 1.0, 1.0, 1.0, 1.0, 1.0, 1.0, 1.5, 0.5, 1.0, 1.0, 1.5, 1.0, 1.0, 1.0, 1.0, 1.0, 1.0, 1.0, 1.0, 1.0, 1.0, 0.5, 1.0, 1.0, 1.0, 0.5, 0.5, 1.0, 0.5, 1.0",51.45228215767634,"0.5850340136054422, 0.44871794871794873, 0.1875","0.4787234042553192, 0.6380368098159509, 0.96"
20241122-063220,k-NN法補完,"P1, P2, P3, P4, P5, P6, P7, P8, P9, P10, P11, P12, P13, D1, D2, D3, D4, D5, D6, D7, D8, D9, D10, D11, D12, D13, D14, D15, D16, D17, D18","1.0, 1.0, 1.0, 1.0, 1.0, 1.0, 1.0, 1.5, 0.5, 1.0, 1.0, 1.5, 1.0, 1.0, 1.0, 1.0, 1.0, 1.0, 1.0, 1.0, 1.0, 1.0, 0.5, 1.0, 1.0, 1.0, 0.5, 0.5, 1.0, 0.5, 1.0",52.282157676348554,"0.5510204081632653, 0.5128205128205128, 0.3125","0.5531914893617021, 0.6993865030674846, 0.8933333333333333"
20241122-063220,k-NN法補完,"P1, P2, P3, P4, P5, P6, P7, P8, P9, P10, P11, P12, P13, D1, D2, D3, D4, D5, D6, D7, D8, D9, D10, D11, D12, D13, D14, D15, D16, D17, D18","1.0, 1.0, 1.0, 1.0, 1.0, 1.0, 1.0, 1.5, 0.5, 1.0, 1.0, 1.5, 1.0, 1.0, 1.0, 1.0, 1.0, 1.0, 1.0, 1.0, 1.0, 1.0, 0.5, 1.0, 1.0, 1.0, 0.5, 0.5, 1.0, 0.5, 1.0",63.90041493775933,"0.7755102040816326, 0.47435897435897434, 0.1875","0.44680851063829785, 0.8404907975460123, 0.96"
20241122-063221,k-NN法補完,"P1, P2, P3, P4, P5, P6, P7, P8, P9, P10, P11, P12, P13, D1, D2, D3, D4, D5, D6, D7, D8, D9, D10, D11, D12, D13, D14, D15, D16, D17, D18","1.0, 1.0, 1.0, 1.0, 1.0, 1.0, 1.0, 1.5, 0.5, 1.0, 1.0, 1.5, 1.0, 1.0, 1.0, 1.0, 1.0, 1.0, 1.0, 1.0, 1.0, 1.0, 0.5, 1.0, 1.0, 1.0, 0.5, 0.5, 1.0, 0.5, 1.0",68.46473029045643,"0.7959183673469388, 0.5769230769230769, 0.1875","0.5425531914893617, 0.8220858895705522, 0.9822222222222222"
20241122-063222,k-NN法補完,"P1, P2, P3, P4, P5, P6, P7, P8, P9, P10, P11, P12, P13, D1, D2, D3, D4, D5, D6, D7, D8, D9, D10, D11, D12, D13, D14, D15, D16, D17, D18","1.0, 1.0, 1.0, 1.0, 1.0, 1.0, 1.0, 1.5, 0.5, 1.0, 1.0, 1.5, 1.0, 1.0, 1.0, 1.0, 1.0, 1.0, 1.0, 1.0, 1.0, 1.0, 0.5, 1.0, 1.0, 1.0, 0.5, 0.5, 1.0, 0.5, 1.0",58.09128630705395,"0.6802721088435374, 0.5128205128205128, 0.0","0.48936170212765956, 0.6932515337423313, 0.9866666666666667"
20241122-063223,k-NN法補完,"P1, P2, P3, P4, P5, P6, P7, P8, P9, P10, P11, P12, P13, D1, D2, D3, D4, D5, D6, D7, D8, D9, D10, D11, D12, D13, D14, D15, D16, D17, D18","1.0, 1.0, 1.0, 1.0, 1.0, 1.0, 1.0, 1.5, 0.5, 1.0, 1.0, 1.5, 1.0, 1.0, 1.0, 1.0, 1.0, 1.0, 1.0, 1.0, 1.0, 1.0, 0.5, 1.0, 1.0, 1.0, 0.5, 0.5, 1.0, 0.5, 1.0",55.601659751037346,"0.7074829931972789, 0.3717948717948718, 0.0625","0.3723404255319149, 0.7055214723926381, 1.0"
20241122-063224,k-NN法補完,"P1, P2, P3, P4, P5, P6, P7, P8, P9, P10, P11, P12, P13, D1, D2, D3, D4, D5, D6, D7, D8, D9, D10, D11, D12, D13, D14, D15, D16, D17, D18","1.0, 1.0, 1.0, 1.0, 1.0, 1.0, 1.0, 1.5, 0.5, 1.0, 1.0, 1.5, 1.0, 1.0, 1.0, 1.0, 1.0, 1.0, 1.0, 1.0, 1.0, 1.0, 0.5, 1.0, 1.0, 1.0, 0.5, 0.5, 1.0, 0.5, 1.0",53.52697095435685,"0.6870748299319728, 0.2948717948717949, 0.3125","0.3617021276595745, 0.7975460122699386, 0.9155555555555556"
20241122-063225,k-NN法補完,"P1, P2, P3, P4, P5, P6, P7, P8, P9, P10, P11, P12, P13, D1, D2, D3, D4, D5, D6, D7, D8, D9, D10, D11, D12, D13, D14, D15, D16, D17, D18","1.0, 1.0, 1.0, 1.0, 1.0, 1.0, 1.0, 1.5, 0.5, 1.0, 1.0, 1.5, 1.0, 1.0, 1.0, 1.0, 1.0, 1.0, 1.0, 1.0, 1.0, 1.0, 0.5, 1.0, 1.0, 1.0, 0.5, 0.5, 1.0, 0.5, 1.0",61.41078838174274,"0.7074829931972789, 0.5, 0.3125","0.5319148936170213, 0.7730061349693251, 0.9466666666666667"
20241122-063829,欠損値削除,"P8, P9, P12, D10, D14, D15, D17","1.5, 0.5, 1.5, 0.5, 0.5, 0.5, 0.5",68.90243902439023,"0.85, 0.5185185185185185, 0.0","0.4375, 0.8636363636363636, 1.0"
20241122-063832,欠損値削除,"P8, P9, P12, D10, D14, D15, D17","1.5, 0.5, 1.5, 0.5, 0.5, 0.5, 0.5",68.90243902439023,"0.84, 0.5370370370370371, 0.0","0.484375, 0.8363636363636363, 1.0"
20241122-063833,欠損値削除,"P8, P9, P12, D10, D14, D15, D17","1.5, 0.5, 1.5, 0.5, 0.5, 0.5, 0.5",71.95121951219512,"0.84, 0.6296296296296297, 0.0","0.546875, 0.8454545454545455, 1.0"
20241122-063834,欠損値削除,"P8, P9, P12, D10, D14, D15, D17","1.5, 0.5, 1.5, 0.5, 0.5, 0.5, 0.5",74.39024390243902,"0.93, 0.5370370370370371, 0.0","0.484375, 0.9181818181818182, 1.0"
20241122-063840,欠損値削除,"P8, P9, P12, D10, D14, D15, D17","1.5, 0.5, 1.5, 0.5, 0.5, 0.5, 0.5",71.95121951219512,"0.88, 0.5555555555555556, 0.0","0.484375, 0.8818181818181818, 1.0"
20241122-063841,欠損値削除,"P8, P9, P12, D10, D14, D15, D17","1.5, 0.5, 1.5, 0.5, 0.5, 0.5, 0.5",67.07317073170732,"0.83, 0.5, 0.0","0.453125, 0.8272727272727273, 1.0"
20241122-063841,欠損値削除,"P8, P9, P12, D10, D14, D15, D17","1.5, 0.5, 1.5, 0.5, 0.5, 0.5, 0.5",72.5609756097561,"0.92, 0.5, 0.0","0.46875, 0.9, 1.0"
20241122-063842,欠損値削除,"P8, P9, P12, D10, D14, D15, D17","1.5, 0.5, 1.5, 0.5, 0.5, 0.5, 0.5",71.95121951219512,"0.86, 0.5925925925925926, 0.0","0.53125, 0.8545454545454545, 1.0"
20241122-063850,欠損値削除,"P8, P9, P12, D10, D14, D15, D17","1.5, 0.5, 1.5, 0.5, 0.5, 0.5, 0.5",75.60975609756098,"0.92, 0.5925925925925926, 0.0","0.5625, 0.8909090909090909, 1.0"
20241122-063851,欠損値削除,"P8, P9, P12, D10, D14, D15, D17","1.5, 0.5, 1.5, 0.5, 0.5, 0.5, 0.5",69.51219512195121,"0.87, 0.5, 0.0","0.4375, 0.8727272727272727, 1.0"
20241122-063851,欠損値削除,"P8, P9, P12, D10, D14, D15, D17","1.5, 0.5, 1.5, 0.5, 0.5, 0.5, 0.5",70.1219512195122,"0.87, 0.5185185185185185, 0.0","0.484375, 0.8545454545454545, 1.0"
20241122-063852,欠損値削除,"P8, P9, P12, D10, D14, D15, D17","1.5, 0.5, 1.5, 0.5, 0.5, 0.5, 0.5",68.90243902439023,"0.76, 0.6851851851851852, 0.0","0.609375, 0.7636363636363637, 1.0"
20241122-063852,欠損値削除,"P8, P9, P12, D10, D14, D15, D17","1.5, 0.5, 1.5, 0.5, 0.5, 0.5, 0.5",70.1219512195122,"0.92, 0.42592592592592593, 0.0","0.375, 0.9181818181818182, 1.0"
20241122-063853,欠損値削除,"P8, P9, P12, D10, D14, D15, D17","1.5, 0.5, 1.5, 0.5, 0.5, 0.5, 0.5",72.5609756097561,"0.89, 0.5555555555555556, 0.0","0.5, 0.8818181818181818, 1.0"
20241122-064058,中央値補完,"P8, P9, P12, D10, D14, D15, D17","1.5, 0.5, 1.5, 0.5, 0.5, 0.5, 0.5",70.12448132780082,"0.8775510204081632, 0.5128205128205128, 0.0","0.44680851063829785, 0.8773006134969326, 1.0"
20241122-064101,中央値補完,"P8, P9, P12, D10, D14, D15, D17","1.5, 0.5, 1.5, 0.5, 0.5, 0.5, 0.5",70.12448132780082,"0.8707482993197279, 0.5256410256410257, 0.0","0.44680851063829785, 0.8773006134969326, 1.0"
20241122-064101,中央値補完,"P8, P9, P12, D10, D14, D15, D17","1.5, 0.5, 1.5, 0.5, 0.5, 0.5, 0.5",74.27385892116183,"0.8979591836734694, 0.6025641025641025, 0.0","0.5531914893617021, 0.8773006134969326, 1.0"
20241122-064102,中央値補完,"P8, P9, P12, D10, D14, D15, D17","1.5, 0.5, 1.5, 0.5, 0.5, 0.5, 0.5",73.44398340248964,"0.8843537414965986, 0.6025641025641025, 0.0","0.5319148936170213, 0.8773006134969326, 1.0"
20241122-064103,中央値補完,"P8, P9, P12, D10, D14, D15, D17","1.5, 0.5, 1.5, 0.5, 0.5, 0.5, 0.5",72.61410788381743,"0.8639455782312925, 0.6153846153846154, 0.0","0.5212765957446809, 0.8711656441717791, 1.0"
20241122-064103,中央値補完,"P8, P9, P12, D10, D14, D15, D17","1.5, 0.5, 1.5, 0.5, 0.5, 0.5, 0.5",70.12448132780082,"0.9183673469387755, 0.4358974358974359, 0.0","0.3617021276595745, 0.9263803680981595, 1.0"
20241122-064103,中央値補完,"P8, P9, P12, D10, D14, D15, D17","1.5, 0.5, 1.5, 0.5, 0.5, 0.5, 0.5",73.44398340248964,"0.9047619047619048, 0.5641025641025641, 0.0","0.5, 0.8957055214723927, 1.0"
20241122-064104,中央値補完,"P8, P9, P12, D10, D14, D15, D17","1.5, 0.5, 1.5, 0.5, 0.5, 0.5, 0.5",70.12448132780082,"0.8707482993197279, 0.5256410256410257, 0.0","0.44680851063829785, 0.8773006134969326, 1.0"
20241122-064104,中央値補完,"P8, P9, P12, D10, D14, D15, D17","1.5, 0.5, 1.5, 0.5, 0.5, 0.5, 0.5",71.78423236514523,"0.891156462585034, 0.5384615384615384, 0.0","0.4787234042553192, 0.8834355828220859, 1.0"
20241122-064105,中央値補完,"P8, P9, P12, D10, D14, D15, D17","1.5, 0.5, 1.5, 0.5, 0.5, 0.5, 0.5",69.70954356846472,"0.8503401360544217, 0.5512820512820513, 0.0","0.46808510638297873, 0.8588957055214724, 1.0"
20241122-064121,中央値補完,"P8, P9, P12, D10, D14, D15, D17","1.5, 0.5, 1.5, 0.5, 0.5, 0.5, 0.5",68.46473029045643,"0.8435374149659864, 0.5256410256410257, 0.0","0.44680851063829785, 0.852760736196319, 1.0"
20241122-064121,中央値補完,"P8, P9, P12, D10, D14, D15, D17","1.5, 0.5, 1.5, 0.5, 0.5, 0.5, 0.5",71.78423236514523,"0.9047619047619048, 0.5128205128205128, 0.0","0.4787234042553192, 0.8834355828220859, 1.0"
20241122-064242,平均値補完,"P8, P9, P12, D10, D14, D15, D17","1.5, 0.5, 1.5, 0.5, 0.5, 0.5, 0.5",68.46473029045643,"0.8299319727891157, 0.5512820512820513, 0.0","0.4787234042553192, 0.8343558282208589, 1.0"
20241122-064244,平均値補完,"P8, P9, P12, D10, D14, D15, D17","1.5, 0.5, 1.5, 0.5, 0.5, 0.5, 0.5",74.27385892116183,"0.9047619047619048, 0.5897435897435898, 0.0","0.5106382978723404, 0.901840490797546, 1.0"
20241122-064245,平均値補完,"P8, P9, P12, D10, D14, D15, D17","1.5, 0.5, 1.5, 0.5, 0.5, 0.5, 0.5",69.29460580912863,"0.8843537414965986, 0.47435897435897434, 0.0","0.43617021276595747, 0.8711656441717791, 1.0"
20241122-064245,平均値補完,"P8, P9, P12, D10, D14, D15, D17","1.5, 0.5, 1.5, 0.5, 0.5, 0.5, 0.5",72.61410788381743,"0.8707482993197279, 0.6025641025641025, 0.0","0.5531914893617021, 0.852760736196319, 1.0"
20241122-064246,平均値補完,"P8, P9, P12, D10, D14, D15, D17","1.5, 0.5, 1.5, 0.5, 0.5, 0.5, 0.5",70.53941908713693,"0.8639455782312925, 0.5512820512820513, 0.0","0.46808510638297873, 0.8711656441717791, 1.0"
20241122-064247,平均値補完,"P8, P9, P12, D10, D14, D15, D17","1.5, 0.5, 1.5, 0.5, 0.5, 0.5, 0.5",68.04979253112033,"0.8503401360544217, 0.5, 0.0","0.44680851063829785, 0.8466257668711656, 1.0"
20241122-064248,平均値補完,"P8, P9, P12, D10, D14, D15, D17","1.5, 0.5, 1.5, 0.5, 0.5, 0.5, 0.5",68.46473029045643,"0.8299319727891157, 0.5512820512820513, 0.0","0.48936170212765956, 0.8282208588957055, 1.0"
20241122-064249,平均値補完,"P8, P9, P12, D10, D14, D15, D17","1.5, 0.5, 1.5, 0.5, 0.5, 0.5, 0.5",71.78423236514523,"0.8707482993197279, 0.5769230769230769, 0.0","0.5, 0.8711656441717791, 1.0"
20241122-064326,k-NN法補完,"P8, P9, P12, D10, D14, D15, D17","1.5, 0.5, 1.5, 0.5, 0.5, 0.5, 0.5",69.70954356846472,"0.8843537414965986, 0.48717948717948717, 0.0","0.4574468085106383, 0.8650306748466258, 1.0"
20241122-064328,k-NN法補完,"P8, P9, P12, D10, D14, D15, D17","1.5, 0.5, 1.5, 0.5, 0.5, 0.5, 0.5",66.80497925311202,"0.8707482993197279, 0.4230769230769231, 0.0","0.3829787234042553, 0.8650306748466258, 1.0"
20241122-064329,k-NN法補完,"P8, P9, P12, D10, D14, D15, D17","1.5, 0.5, 1.5, 0.5, 0.5, 0.5, 0.5",64.31535269709543,"0.8163265306122449, 0.44871794871794873, 0.0","0.44680851063829785, 0.7914110429447853, 1.0"
20241122-064329,k-NN法補完,"P8, P9, P12, D10, D14, D15, D17","1.5, 0.5, 1.5, 0.5, 0.5, 0.5, 0.5",69.70954356846472,"0.9183673469387755, 0.4230769230769231, 0.0","0.3829787234042553, 0.9079754601226994, 1.0"
20241122-064330,k-NN法補完,"P8, P9, P12, D10, D14, D15, D17","1.5, 0.5, 1.5, 0.5, 0.5, 0.5, 0.5",72.19917012448133,"0.8571428571428571, 0.6153846153846154, 0.0","0.5531914893617021, 0.8466257668711656, 1.0"
20241122-064330,k-NN法補完,"P8, P9, P12, D10, D14, D15, D17","1.5, 0.5, 1.5, 0.5, 0.5, 0.5, 0.5",66.80497925311202,"0.8503401360544217, 0.46153846153846156, 0.0","0.425531914893617, 0.8404907975460123, 1.0"
20241122-064330,k-NN法補完,"P8, P9, P12, D10, D14, D15, D17","1.5, 0.5, 1.5, 0.5, 0.5, 0.5, 0.5",73.02904564315352,"0.8503401360544217, 0.6538461538461539, 0.0","0.5531914893617021, 0.8588957055214724, 1.0"
20241122-064331,k-NN法補完,"P8, P9, P12, D10, D14, D15, D17","1.5, 0.5, 1.5, 0.5, 0.5, 0.5, 0.5",70.95435684647303,"0.8843537414965986, 0.5256410256410257, 0.0","0.46808510638297873, 0.8773006134969326, 1.0"
20241122-064331,k-NN法補完,"P8, P9, P12, D10, D14, D15, D17","1.5, 0.5, 1.5, 0.5, 0.5, 0.5, 0.5",71.78423236514523,"0.9047619047619048, 0.5128205128205128, 0.0","0.4574468085106383, 0.8957055214723927, 1.0"
20241122-064332,k-NN法補完,"P8, P9, P12, D10, D14, D15, D17","1.5, 0.5, 1.5, 0.5, 0.5, 0.5, 0.5",70.12448132780082,"0.8367346938775511, 0.5897435897435898, 0.0","0.5106382978723404, 0.8404907975460123, 1.0"
20241211-231926,中央値補完,"P2, P3, P10, P11, D2, D9, D16","2.8, 2.8, 2.9, 2.9, 3.0, 3.1, -0.7",44.398340248962654,"0.4965986394557823, 0.4358974358974359, 0.0","0.48936170212765956, 0.4723926380368098, 1.0"
20241213-024822,欠損値削除,"P8, P9, P12, D10, D14, D15, D17","1.5, -0.5, 1.5, -0.5, -0.5, -0.5, -0.5",32.926829268292686,"0.0, 1.0, 0.0","1.0, 0.0, 1.0"
20241213-024825,欠損値削除,"P8, P9, P12, D10, D14, D15, D17","1.5, -0.5, 1.5, -0.5, -0.5, -0.5, -0.5",59.756097560975604,"0.63, 0.6481481481481481, 0.0","0.59375, 0.6363636363636364, 1.0"
20241213-024826,欠損値削除,"P8, P9, P12, D10, D14, D15, D17","1.5, -0.5, 1.5, -0.5, -0.5, -0.5, -0.5",32.926829268292686,"0.0, 1.0, 0.0","1.0, 0.0, 1.0"
20241213-024826,欠損値削除,"P8, P9, P12, D10, D14, D15, D17","1.5, -0.5, 1.5, -0.5, -0.5, -0.5, -0.5",32.926829268292686,"0.0, 1.0, 0.0","1.0, 0.0, 1.0"
20241213-024827,欠損値削除,"P8, P9, P12, D10, D14, D15, D17","1.5, -0.5, 1.5, -0.5, -0.5, -0.5, -0.5",32.926829268292686,"0.0, 1.0, 0.0","1.0, 0.0, 1.0"
20241213-024827,欠損値削除,"P8, P9, P12, D10, D14, D15, D17","1.5, -0.5, 1.5, -0.5, -0.5, -0.5, -0.5",32.926829268292686,"0.0, 1.0, 0.0","1.0, 0.0, 1.0"
20241213-024828,欠損値削除,"P8, P9, P12, D10, D14, D15, D17","1.5, -0.5, 1.5, -0.5, -0.5, -0.5, -0.5",32.926829268292686,"0.0, 1.0, 0.0","1.0, 0.0, 1.0"
20241213-024829,欠損値削除,"P8, P9, P12, D10, D14, D15, D17","1.5, -0.5, 1.5, -0.5, -0.5, -0.5, -0.5",33.53658536585366,"0.01, 1.0, 0.0","1.0, 0.00909090909090909, 1.0"
20241213-024829,欠損値削除,"P8, P9, P12, D10, D14, D15, D17","1.5, -0.5, 1.5, -0.5, -0.5, -0.5, -0.5",32.926829268292686,"0.0, 1.0, 0.0","1.0, 0.0, 1.0"
20241213-024830,欠損値削除,"P8, P9, P12, D10, D14, D15, D17","1.5, -0.5, 1.5, -0.5, -0.5, -0.5, -0.5",32.926829268292686,"0.0, 1.0, 0.0","1.0, 0.0, 1.0"
20241213-024843,欠損値削除,"P8, P9, P12, D10, D14, D15, D17","1.5, -0.5, 1.5, -0.5, -0.5, -0.5, -0.5",32.926829268292686,"0.0, 1.0, 0.0","1.0, 0.0, 1.0"
20241213-024844,欠損値削除,"P8, P9, P12, D10, D14, D15, D17","1.5, -0.5, 1.5, -0.5, -0.5, -0.5, -0.5",32.926829268292686,"0.0, 1.0, 0.0","1.0, 0.0, 1.0"
20241213-024844,欠損値削除,"P8, P9, P12, D10, D14, D15, D17","1.5, -0.5, 1.5, -0.5, -0.5, -0.5, -0.5",33.53658536585366,"0.01, 1.0, 0.0","1.0, 0.00909090909090909, 1.0"
20241213-024846,欠損値削除,"P8, P9, P12, D10, D14, D15, D17","1.5, -0.5, 1.5, -0.5, -0.5, -0.5, -0.5",32.926829268292686,"0.0, 1.0, 0.0","1.0, 0.0, 1.0"
20241213-024849,欠損値削除,"P8, P9, P12, D10, D14, D15, D17","1.5, -0.5, 1.5, -0.5, -0.5, -0.5, -0.5",32.926829268292686,"0.0, 1.0, 0.0","1.0, 0.0, 1.0"
20241213-024850,欠損値削除,"P8, P9, P12, D10, D14, D15, D17","1.5, -0.5, 1.5, -0.5, -0.5, -0.5, -0.5",32.926829268292686,"0.0, 1.0, 0.0","1.0, 0.0, 1.0"
20241213-024851,欠損値削除,"P8, P9, P12, D10, D14, D15, D17","1.5, -0.5, 1.5, -0.5, -0.5, -0.5, -0.5",32.926829268292686,"0.0, 1.0, 0.0","1.0, 0.0, 1.0"
20241213-024851,欠損値削除,"P8, P9, P12, D10, D14, D15, D17","1.5, -0.5, 1.5, -0.5, -0.5, -0.5, -0.5",42.073170731707314,"0.17, 0.9629629629629629, 0.0","0.953125, 0.16363636363636364, 1.0"
20241213-024852,欠損値削除,"P8, P9, P12, D10, D14, D15, D17","1.5, -0.5, 1.5, -0.5, -0.5, -0.5, -0.5",32.926829268292686,"0.0, 1.0, 0.0","1.0, 0.0, 1.0"
20241213-024853,欠損値削除,"P8, P9, P12, D10, D14, D15, D17","1.5, -0.5, 1.5, -0.5, -0.5, -0.5, -0.5",32.926829268292686,"0.0, 1.0, 0.0","1.0, 0.0, 1.0"
20241213-024853,欠損値削除,"P8, P9, P12, D10, D14, D15, D17","1.5, -0.5, 1.5, -0.5, -0.5, -0.5, -0.5",32.926829268292686,"0.0, 1.0, 0.0","1.0, 0.0, 1.0"
20241213-024854,欠損値削除,"P8, P9, P12, D10, D14, D15, D17","1.5, -0.5, 1.5, -0.5, -0.5, -0.5, -0.5",39.02439024390244,"0.11, 0.9814814814814815, 0.0","0.953125, 0.11818181818181818, 1.0"
20241213-024856,欠損値削除,"P8, P9, P12, D10, D14, D15, D17","1.5, -0.5, 1.5, -0.5, -0.5, -0.5, -0.5",32.926829268292686,"0.0, 1.0, 0.0","1.0, 0.0, 1.0"
20241213-024925,欠損値削除,"P8, P9, P12, D10, D14, D15, D17","1.5, 0.5, 1.5, 0.5, 0.6, 0.5, 0.5",62.80487804878049,"1.0, 0.05555555555555555, 0.0","0.046875, 1.0, 1.0"
20241213-024927,欠損値削除,"P8, P9, P12, D10, D14, D15, D17","1.5, 0.5, 1.5, 0.5, 0.6, 0.5, 0.5",60.97560975609756,"1.0, 0.0, 0.0","0.0, 1.0, 1.0"
20241213-024928,欠損値削除,"P8, P9, P12, D10, D14, D15, D17","1.5, 0.5, 1.5, 0.5, 0.6, 0.5, 0.5",60.97560975609756,"1.0, 0.0, 0.0","0.0, 1.0, 1.0"
20241213-024929,欠損値削除,"P8, P9, P12, D10, D14, D15, D17","1.5, 0.5, 1.5, 0.5, 0.6, 0.5, 0.5",60.97560975609756,"1.0, 0.0, 0.0","0.0, 1.0, 1.0"
20241213-024929,欠損値削除,"P8, P9, P12, D10, D14, D15, D17","1.5, 0.5, 1.5, 0.5, 0.6, 0.5, 0.5",60.97560975609756,"1.0, 0.0, 0.0","0.0, 1.0, 1.0"
20241213-024930,欠損値削除,"P8, P9, P12, D10, D14, D15, D17","1.5, 0.5, 1.5, 0.5, 0.6, 0.5, 0.5",60.97560975609756,"1.0, 0.0, 0.0","0.0, 1.0, 1.0"
20241213-024930,欠損値削除,"P8, P9, P12, D10, D14, D15, D17","1.5, 0.5, 1.5, 0.5, 0.6, 0.5, 0.5",60.97560975609756,"1.0, 0.0, 0.0","0.0, 1.0, 1.0"
20241213-024931,欠損値削除,"P8, P9, P12, D10, D14, D15, D17","1.5, 0.5, 1.5, 0.5, 0.6, 0.5, 0.5",60.97560975609756,"1.0, 0.0, 0.0","0.0, 1.0, 1.0"
20241213-024931,欠損値削除,"P8, P9, P12, D10, D14, D15, D17","1.5, 0.5, 1.5, 0.5, 0.6, 0.5, 0.5",60.97560975609756,"1.0, 0.0, 0.0","0.0, 1.0, 1.0"
20241213-024931,欠損値削除,"P8, P9, P12, D10, D14, D15, D17","1.5, 0.5, 1.5, 0.5, 0.6, 0.5, 0.5",60.97560975609756,"1.0, 0.0, 0.0","0.0, 1.0, 1.0"
20241213-024932,欠損値削除,"P8, P9, P12, D10, D14, D15, D17","1.5, 0.5, 1.5, 0.5, 0.6, 0.5, 0.5",60.97560975609756,"1.0, 0.0, 0.0","0.0, 1.0, 1.0"
20241213-024932,欠損値削除,"P8, P9, P12, D10, D14, D15, D17","1.5, 0.5, 1.5, 0.5, 0.6, 0.5, 0.5",60.97560975609756,"1.0, 0.0, 0.0","0.0, 1.0, 1.0"
20241213-024932,欠損値削除,"P8, P9, P12, D10, D14, D15, D17","1.5, 0.5, 1.5, 0.5, 0.6, 0.5, 0.5",60.36585365853659,"0.99, 0.0, 0.0","0.0, 0.990909090909091, 1.0"
20241213-024932,欠損値削除,"P8, P9, P12, D10, D14, D15, D17","1.5, 0.5, 1.5, 0.5, 0.6, 0.5, 0.5",60.97560975609756,"1.0, 0.0, 0.0","0.0, 1.0, 1.0"
20241213-024932,欠損値削除,"P8, P9, P12, D10, D14, D15, D17","1.5, 0.5, 1.5, 0.5, 0.6, 0.5, 0.5",61.58536585365854,"1.0, 0.018518518518518517, 0.0","0.015625, 1.0, 1.0"
20241213-024934,欠損値削除,"P8, P9, P12, D10, D14, D15, D17","1.5, 0.5, 1.5, 0.5, 0.6, 0.5, 0.5",61.58536585365854,"1.0, 0.018518518518518517, 0.0","0.015625, 1.0, 1.0"
20250124-033108,平均値補完,"P1, P2, P3, P4, P5, P6, P7, P8, P9, P10, P11, P12, P13, D1, D2, D3, D4, D5, D6, D7, D8, D9, D10, D11, D12, D13, D14, D15, D16, D17, D18","1.0, 1.0, 1.0, 1.0, 1.0, 1.0, 1.0, 1.0, 1.0, 1.0, 1.0, 1.0, 1.0, 1.0, 1.0, 1.0, 1.0, 1.0, 1.0, 1.0, 1.0, 1.0, 1.0, 1.0, 1.0, 1.0, 1.0, 1.0, 1.0, 1.0, 1.0",54.356846473029044,"0.6530612244897959, 0.44871794871794873, 0.0","0.4148936170212766, 0.6625766871165644, 1.0"
20250124-033111,平均値補完,"P1, P2, P3, P4, P5, P6, P7, P8, P9, P10, P11, P12, P13, D1, D2, D3, D4, D5, D6, D7, D8, D9, D10, D11, D12, D13, D14, D15, D16, D17, D18","1.0, 1.0, 1.0, 1.0, 1.0, 1.0, 1.0, 1.0, 1.0, 1.0, 1.0, 1.0, 1.0, 1.0, 1.0, 1.0, 1.0, 1.0, 1.0, 1.0, 1.0, 1.0, 1.0, 1.0, 1.0, 1.0, 1.0, 1.0, 1.0, 1.0, 1.0",60.99585062240664,"0.8163265306122449, 0.34615384615384615, 0.0","0.2978723404255319, 0.8282208588957055, 1.0"
20250124-033112,平均値補完,"P1, P2, P3, P4, P5, P6, P7, P8, P9, P10, P11, P12, P13, D1, D2, D3, D4, D5, D6, D7, D8, D9, D10, D11, D12, D13, D14, D15, D16, D17, D18","1.0, 1.0, 1.0, 1.0, 1.0, 1.0, 1.0, 1.0, 1.0, 1.0, 1.0, 1.0, 1.0, 1.0, 1.0, 1.0, 1.0, 1.0, 1.0, 1.0, 1.0, 1.0, 1.0, 1.0, 1.0, 1.0, 1.0, 1.0, 1.0, 1.0, 1.0",49.79253112033195,"0.6054421768707483, 0.3333333333333333, 0.3125","0.39361702127659576, 0.6503067484662577, 0.9688888888888889"
20250124-033112,平均値補完,"P1, P2, P3, P4, P5, P6, P7, P8, P9, P10, P11, P12, P13, D1, D2, D3, D4, D5, D6, D7, D8, D9, D10, D11, D12, D13, D14, D15, D16, D17, D18","1.0, 1.0, 1.0, 1.0, 1.0, 1.0, 1.0, 1.0, 1.0, 1.0, 1.0, 1.0, 1.0, 1.0, 1.0, 1.0, 1.0, 1.0, 1.0, 1.0, 1.0, 1.0, 1.0, 1.0, 1.0, 1.0, 1.0, 1.0, 1.0, 1.0, 1.0",57.26141078838174,"0.7006802721088435, 0.3717948717948718, 0.375","0.425531914893617, 0.7975460122699386, 0.9288888888888889"
20250124-033113,平均値補完,"P1, P2, P3, P4, P5, P6, P7, P8, P9, P10, P11, P12, P13, D1, D2, D3, D4, D5, D6, D7, D8, D9, D10, D11, D12, D13, D14, D15, D16, D17, D18","1.0, 1.0, 1.0, 1.0, 1.0, 1.0, 1.0, 1.0, 1.0, 1.0, 1.0, 1.0, 1.0, 1.0, 1.0, 1.0, 1.0, 1.0, 1.0, 1.0, 1.0, 1.0, 1.0, 1.0, 1.0, 1.0, 1.0, 1.0, 1.0, 1.0, 1.0",54.77178423236515,"0.5782312925170068, 0.5897435897435898, 0.0625","0.5638297872340425, 0.6687116564417178, 0.9377777777777778"
20250124-033113,平均値補完,"P1, P2, P3, P4, P5, P6, P7, P8, P9, P10, P11, P12, P13, D1, D2, D3, D4, D5, D6, D7, D8, D9, D10, D11, D12, D13, D14, D15, D16, D17, D18","1.0, 1.0, 1.0, 1.0, 1.0, 1.0, 1.0, 1.0, 1.0, 1.0, 1.0, 1.0, 1.0, 1.0, 1.0, 1.0, 1.0, 1.0, 1.0, 1.0, 1.0, 1.0, 1.0, 1.0, 1.0, 1.0, 1.0, 1.0, 1.0, 1.0, 1.0",65.14522821576763,"0.7006802721088435, 0.6538461538461539, 0.1875","0.6276595744680851, 0.7055214723926381, 0.9955555555555555"
20250124-033114,平均値補完,"P1, P2, P3, P4, P5, P6, P7, P8, P9, P10, P11, P12, P13, D1, D2, D3, D4, D5, D6, D7, D8, D9, D10, D11, D12, D13, D14, D15, D16, D17, D18","1.0, 1.0, 1.0, 1.0, 1.0, 1.0, 1.0, 1.0, 1.0, 1.0, 1.0, 1.0, 1.0, 1.0, 1.0, 1.0, 1.0, 1.0, 1.0, 1.0, 1.0, 1.0, 1.0, 1.0, 1.0, 1.0, 1.0, 1.0, 1.0, 1.0, 1.0",58.09128630705395,"0.6530612244897959, 0.5384615384615384, 0.125","0.5319148936170213, 0.7239263803680982, 0.9466666666666667"
20250124-033114,平均値補完,"P1, P2, P3, P4, P5, P6, P7, P8, P9, P10, P11, P12, P13, D1, D2, D3, D4, D5, D6, D7, D8, D9, D10, D11, D12, D13, D14, D15, D16, D17, D18","1.0, 1.0, 1.0, 1.0, 1.0, 1.0, 1.0, 1.0, 1.0, 1.0, 1.0, 1.0, 1.0, 1.0, 1.0, 1.0, 1.0, 1.0, 1.0, 1.0, 1.0, 1.0, 1.0, 1.0, 1.0, 1.0, 1.0, 1.0, 1.0, 1.0, 1.0",57.26141078838174,"0.673469387755102, 0.4230769230769231, 0.375","0.44680851063829785, 0.803680981595092, 0.9155555555555556"
20250124-033115,平均値補完,"P1, P2, P3, P4, P5, P6, P7, P8, P9, P10, P11, P12, P13, D1, D2, D3, D4, D5, D6, D7, D8, D9, D10, D11, D12, D13, D14, D15, D16, D17, D18","1.0, 1.0, 1.0, 1.0, 1.0, 1.0, 1.0, 1.0, 1.0, 1.0, 1.0, 1.0, 1.0, 1.0, 1.0, 1.0, 1.0, 1.0, 1.0, 1.0, 1.0, 1.0, 1.0, 1.0, 1.0, 1.0, 1.0, 1.0, 1.0, 1.0, 1.0",60.99585062240664,"0.7619047619047619, 0.44871794871794873, 0.0","0.4148936170212766, 0.7607361963190185, 1.0"
20250124-033115,平均値補完,"P1, P2, P3, P4, P5, P6, P7, P8, P9, P10, P11, P12, P13, D1, D2, D3, D4, D5, D6, D7, D8, D9, D10, D11, D12, D13, D14, D15, D16, D17, D18","1.0, 1.0, 1.0, 1.0, 1.0, 1.0, 1.0, 1.0, 1.0, 1.0, 1.0, 1.0, 1.0, 1.0, 1.0, 1.0, 1.0, 1.0, 1.0, 1.0, 1.0, 1.0, 1.0, 1.0, 1.0, 1.0, 1.0, 1.0, 1.0, 1.0, 1.0",60.99585062240664,"0.7346938775510204, 0.5, 0.0","0.425531914893617, 0.754601226993865, 1.0"
20250124-033116,平均値補完,"P1, P2, P3, P4, P5, P6, P7, P8, P9, P10, P11, P12, P13, D1, D2, D3, D4, D5, D6, D7, D8, D9, D10, D11, D12, D13, D14, D15, D16, D17, D18","1.0, 1.0, 1.0, 1.0, 1.0, 1.0, 1.0, 1.0, 1.0, 1.0, 1.0, 1.0, 1.0, 1.0, 1.0, 1.0, 1.0, 1.0, 1.0, 1.0, 1.0, 1.0, 1.0, 1.0, 1.0, 1.0, 1.0, 1.0, 1.0, 1.0, 1.0",63.48547717842323,"0.7006802721088435, 0.6153846153846154, 0.125","0.5531914893617021, 0.7730061349693251, 0.96"
20250124-065918,平均値補完,"P1, P2, P3, P4, P5, P6, P7, P8, P9, P10, P11, P12, P13, D1, D2, D3, D4, D5, D6, D7, D8, D9, D10, D11, D12, D13, D14, D15, D16, D17, D18","1.0, 1.0, 1.0, 1.0, 1.0, 1.0, 1.0, 1.0, 1.0, 1.0, 1.0, 1.0, 1.0, 1.0, 1.0, 1.0, 1.0, 1.0, 1.0, 1.0, 1.0, 1.0, 1.0, 1.0, 1.0, 1.0, 1.0, 1.0, 1.0, 1.0, 1.0",36.51452282157676,"0.36054421768707484, 0.44871794871794873, 0.0","0.574468085106383, 0.3619631901840491, 0.96"
20250124-070005,平均値補完,"P1, P2, P3, P4, P5, P6, P7, P8, P9, P10, P11, P12, P13, D1, D2, D3, D4, D5, D6, D7, D8, D9, D10, D11, D12, D13, D14, D15, D16, D17, D18","1.0, 1.0, 1.0, 1.0, 1.0, 1.0, 1.0, 1.0, 1.0, 1.0, 1.0, 1.0, 1.0, 1.0, 1.0, 1.0, 1.0, 1.0, 1.0, 1.0, 1.0, 1.0, 1.0, 1.0, 1.0, 1.0, 1.0, 1.0, 1.0, 1.0, 1.0",48.13278008298755,"0.5986394557823129, 0.3076923076923077, 0.25","0.3829787234042553, 0.7423312883435583, 0.8888888888888888"
20250124-070108,平均値補完,"P1, P2, P3, P4, P5, P6, P7, P8, P9, P10, P11, P12, P13, D1, D2, D3, D4, D5, D6, D7, D8, D9, D10, D11, D12, D13, D14, D15, D16, D17, D18","1.0, 1.0, 1.0, 1.0, 1.0, 1.0, 1.0, 1.0, 1.0, 1.0, 1.0, 1.0, 1.0, 1.0, 1.0, 1.0, 1.0, 1.0, 1.0, 1.0, 1.0, 1.0, 1.0, 1.0, 1.0, 1.0, 1.0, 1.0, 1.0, 1.0, 1.0",65.14522821576763,"0.8843537414965986, 0.34615384615384615, 0.0","0.2978723404255319, 0.8895705521472392, 1.0"
20250124-070110,平均値補完,"P1, P2, P3, P4, P5, P6, P7, P8, P9, P10, P11, P12, P13, D1, D2, D3, D4, D5, D6, D7, D8, D9, D10, D11, D12, D13, D14, D15, D16, D17, D18","1.0, 1.0, 1.0, 1.0, 1.0, 1.0, 1.0, 1.0, 1.0, 1.0, 1.0, 1.0, 1.0, 1.0, 1.0, 1.0, 1.0, 1.0, 1.0, 1.0, 1.0, 1.0, 1.0, 1.0, 1.0, 1.0, 1.0, 1.0, 1.0, 1.0, 1.0",63.90041493775933,"0.8435374149659864, 0.38461538461538464, 0.0","0.35106382978723405, 0.8404907975460123, 1.0"
20250124-070111,平均値補完,"P1, P2, P3, P4, P5, P6, P7, P8, P9, P10, P11, P12, P13, D1, D2, D3, D4, D5, D6, D7, D8, D9, D10, D11, D12, D13, D14, D15, D16, D17, D18","1.0, 1.0, 1.0, 1.0, 1.0, 1.0, 1.0, 1.0, 1.0, 1.0, 1.0, 1.0, 1.0, 1.0, 1.0, 1.0, 1.0, 1.0, 1.0, 1.0, 1.0, 1.0, 1.0, 1.0, 1.0, 1.0, 1.0, 1.0, 1.0, 1.0, 1.0",59.33609958506224,"0.6870748299319728, 0.46153846153846156, 0.375","0.5319148936170213, 0.8220858895705522, 0.8888888888888888"
20250124-070111,平均値補完,"P1, P2, P3, P4, P5, P6, P7, P8, P9, P10, P11, P12, P13, D1, D2, D3, D4, D5, D6, D7, D8, D9, D10, D11, D12, D13, D14, D15, D16, D17, D18","1.0, 1.0, 1.0, 1.0, 1.0, 1.0, 1.0, 1.0, 1.0, 1.0, 1.0, 1.0, 1.0, 1.0, 1.0, 1.0, 1.0, 1.0, 1.0, 1.0, 1.0, 1.0, 1.0, 1.0, 1.0, 1.0, 1.0, 1.0, 1.0, 1.0, 1.0",56.43153526970954,"0.5918367346938775, 0.5, 0.625","0.6170212765957447, 0.803680981595092, 0.8355555555555556"
20250124-070112,平均値補完,"P1, P2, P3, P4, P5, P6, P7, P8, P9, P10, P11, P12, P13, D1, D2, D3, D4, D5, D6, D7, D8, D9, D10, D11, D12, D13, D14, D15, D16, D17, D18","1.0, 1.0, 1.0, 1.0, 1.0, 1.0, 1.0, 1.0, 1.0, 1.0, 1.0, 1.0, 1.0, 1.0, 1.0, 1.0, 1.0, 1.0, 1.0, 1.0, 1.0, 1.0, 1.0, 1.0, 1.0, 1.0, 1.0, 1.0, 1.0, 1.0, 1.0",40.24896265560166,"0.5034013605442177, 0.2948717948717949, 0.0","0.32978723404255317, 0.5153374233128835, 0.9911111111111112"
20250124-070112,平均値補完,"P1, P2, P3, P4, P5, P6, P7, P8, P9, P10, P11, P12, P13, D1, D2, D3, D4, D5, D6, D7, D8, D9, D10, D11, D12, D13, D14, D15, D16, D17, D18","1.0, 1.0, 1.0, 1.0, 1.0, 1.0, 1.0, 1.0, 1.0, 1.0, 1.0, 1.0, 1.0, 1.0, 1.0, 1.0, 1.0, 1.0, 1.0, 1.0, 1.0, 1.0, 1.0, 1.0, 1.0, 1.0, 1.0, 1.0, 1.0, 1.0, 1.0",51.867219917012456,"0.7278911564625851, 0.14102564102564102, 0.4375","0.2553191489361702, 0.9202453987730062, 0.8533333333333334"
20250124-070113,平均値補完,"P1, P2, P3, P4, P5, P6, P7, P8, P9, P10, P11, P12, P13, D1, D2, D3, D4, D5, D6, D7, D8, D9, D10, D11, D12, D13, D14, D15, D16, D17, D18","1.0, 1.0, 1.0, 1.0, 1.0, 1.0, 1.0, 1.0, 1.0, 1.0, 1.0, 1.0, 1.0, 1.0, 1.0, 1.0, 1.0, 1.0, 1.0, 1.0, 1.0, 1.0, 1.0, 1.0, 1.0, 1.0, 1.0, 1.0, 1.0, 1.0, 1.0",47.71784232365145,"0.7278911564625851, 0.10256410256410256, 0.0","0.24468085106382978, 0.7791411042944786, 0.9155555555555556"
20250124-070113,平均値補完,"P1, P2, P3, P4, P5, P6, P7, P8, P9, P10, P11, P12, P13, D1, D2, D3, D4, D5, D6, D7, D8, D9, D10, D11, D12, D13, D14, D15, D16, D17, D18","1.0, 1.0, 1.0, 1.0, 1.0, 1.0, 1.0, 1.0, 1.0, 1.0, 1.0, 1.0, 1.0, 1.0, 1.0, 1.0, 1.0, 1.0, 1.0, 1.0, 1.0, 1.0, 1.0, 1.0, 1.0, 1.0, 1.0, 1.0, 1.0, 1.0, 1.0",60.99585062240664,"0.8775510204081632, 0.23076923076923078, 0.0","0.20212765957446807, 0.8834355828220859, 1.0"
20250124-071738,平均値補完,"P1, P2, P3, P4, P5, P6, P7, P8, P9, P10, P11, P12, P13, D1, D2, D3, D4, D5, D6, D7, D8, D9, D10, D11, D12, D13, D14, D15, D16, D17, D18","1.0, 1.0, 1.0, 1.0, 1.0, 1.0, 1.0, 1.0, 1.0, 1.0, 1.0, 1.0, 1.0, 1.0, 1.0, 1.0, 1.0, 1.0, 1.0, 1.0, 1.0, 1.0, 1.0, 1.0, 1.0, 1.0, 1.0, 1.0, 1.0, 1.0, 1.0",6.639004149377594,"0.0, 0.0, 1.0","1.0, 1.0, 0.0"
20250124-071757,平均値補完,"P1, P2, P3, P4, P5, P6, P7, P8, P9, P10, P11, P12, P13, D1, D2, D3, D4, D5, D6, D7, D8, D9, D10, D11, D12, D13, D14, D15, D16, D17, D18","1.0, 1.0, 1.0, 1.0, 1.0, 1.0, 1.0, 1.0, 1.0, 1.0, 1.0, 1.0, 1.0, 1.0, 1.0, 1.0, 1.0, 1.0, 1.0, 1.0, 1.0, 1.0, 1.0, 1.0, 1.0, 1.0, 1.0, 1.0, 1.0, 1.0, 1.0",6.639004149377594,"0.0, 0.0, 1.0","1.0, 1.0, 0.0"
20250124-071757,平均値補完,"P1, P2, P3, P4, P5, P6, P7, P8, P9, P10, P11, P12, P13, D1, D2, D3, D4, D5, D6, D7, D8, D9, D10, D11, D12, D13, D14, D15, D16, D17, D18","1.0, 1.0, 1.0, 1.0, 1.0, 1.0, 1.0, 1.0, 1.0, 1.0, 1.0, 1.0, 1.0, 1.0, 1.0, 1.0, 1.0, 1.0, 1.0, 1.0, 1.0, 1.0, 1.0, 1.0, 1.0, 1.0, 1.0, 1.0, 1.0, 1.0, 1.0",6.639004149377594,"0.0, 0.0, 1.0","1.0, 1.0, 0.0"
20250124-071758,平均値補完,"P1, P2, P3, P4, P5, P6, P7, P8, P9, P10, P11, P12, P13, D1, D2, D3, D4, D5, D6, D7, D8, D9, D10, D11, D12, D13, D14, D15, D16, D17, D18","1.0, 1.0, 1.0, 1.0, 1.0, 1.0, 1.0, 1.0, 1.0, 1.0, 1.0, 1.0, 1.0, 1.0, 1.0, 1.0, 1.0, 1.0, 1.0, 1.0, 1.0, 1.0, 1.0, 1.0, 1.0, 1.0, 1.0, 1.0, 1.0, 1.0, 1.0",6.639004149377594,"0.0, 0.0, 1.0","1.0, 1.0, 0.0"
20250124-071759,平均値補完,"P1, P2, P3, P4, P5, P6, P7, P8, P9, P10, P11, P12, P13, D1, D2, D3, D4, D5, D6, D7, D8, D9, D10, D11, D12, D13, D14, D15, D16, D17, D18","1.0, 1.0, 1.0, 1.0, 1.0, 1.0, 1.0, 1.0, 1.0, 1.0, 1.0, 1.0, 1.0, 1.0, 1.0, 1.0, 1.0, 1.0, 1.0, 1.0, 1.0, 1.0, 1.0, 1.0, 1.0, 1.0, 1.0, 1.0, 1.0, 1.0, 1.0",6.639004149377594,"0.0, 0.0, 1.0","1.0, 1.0, 0.0"
20250124-071759,平均値補完,"P1, P2, P3, P4, P5, P6, P7, P8, P9, P10, P11, P12, P13, D1, D2, D3, D4, D5, D6, D7, D8, D9, D10, D11, D12, D13, D14, D15, D16, D17, D18","1.0, 1.0, 1.0, 1.0, 1.0, 1.0, 1.0, 1.0, 1.0, 1.0, 1.0, 1.0, 1.0, 1.0, 1.0, 1.0, 1.0, 1.0, 1.0, 1.0, 1.0, 1.0, 1.0, 1.0, 1.0, 1.0, 1.0, 1.0, 1.0, 1.0, 1.0",6.639004149377594,"0.0, 0.0, 1.0","1.0, 1.0, 0.0"
20250124-071800,平均値補完,"P1, P2, P3, P4, P5, P6, P7, P8, P9, P10, P11, P12, P13, D1, D2, D3, D4, D5, D6, D7, D8, D9, D10, D11, D12, D13, D14, D15, D16, D17, D18","1.0, 1.0, 1.0, 1.0, 1.0, 1.0, 1.0, 1.0, 1.0, 1.0, 1.0, 1.0, 1.0, 1.0, 1.0, 1.0, 1.0, 1.0, 1.0, 1.0, 1.0, 1.0, 1.0, 1.0, 1.0, 1.0, 1.0, 1.0, 1.0, 1.0, 1.0",6.639004149377594,"0.0, 0.0, 1.0","1.0, 1.0, 0.0"
20250124-071800,平均値補完,"P1, P2, P3, P4, P5, P6, P7, P8, P9, P10, P11, P12, P13, D1, D2, D3, D4, D5, D6, D7, D8, D9, D10, D11, D12, D13, D14, D15, D16, D17, D18","1.0, 1.0, 1.0, 1.0, 1.0, 1.0, 1.0, 1.0, 1.0, 1.0, 1.0, 1.0, 1.0, 1.0, 1.0, 1.0, 1.0, 1.0, 1.0, 1.0, 1.0, 1.0, 1.0, 1.0, 1.0, 1.0, 1.0, 1.0, 1.0, 1.0, 1.0",6.639004149377594,"0.0, 0.0, 1.0","1.0, 1.0, 0.0"
20250124-071801,平均値補完,"P1, P2, P3, P4, P5, P6, P7, P8, P9, P10, P11, P12, P13, D1, D2, D3, D4, D5, D6, D7, D8, D9, D10, D11, D12, D13, D14, D15, D16, D17, D18","1.0, 1.0, 1.0, 1.0, 1.0, 1.0, 1.0, 1.0, 1.0, 1.0, 1.0, 1.0, 1.0, 1.0, 1.0, 1.0, 1.0, 1.0, 1.0, 1.0, 1.0, 1.0, 1.0, 1.0, 1.0, 1.0, 1.0, 1.0, 1.0, 1.0, 1.0",6.639004149377594,"0.0, 0.0, 1.0","1.0, 1.0, 0.0"
20250124-071801,平均値補完,"P1, P2, P3, P4, P5, P6, P7, P8, P9, P10, P11, P12, P13, D1, D2, D3, D4, D5, D6, D7, D8, D9, D10, D11, D12, D13, D14, D15, D16, D17, D18","1.0, 1.0, 1.0, 1.0, 1.0, 1.0, 1.0, 1.0, 1.0, 1.0, 1.0, 1.0, 1.0, 1.0, 1.0, 1.0, 1.0, 1.0, 1.0, 1.0, 1.0, 1.0, 1.0, 1.0, 1.0, 1.0, 1.0, 1.0, 1.0, 1.0, 1.0",6.639004149377594,"0.0, 0.0, 1.0","1.0, 1.0, 0.0"
20250124-072604,平均値補完,"P1, P2, P3, P4, P5, P6, P7, P8, P9, P10, P11, P12, P13, D1, D2, D3, D4, D5, D6, D7, D8, D9, D10, D11, D12, D13, D14, D15, D16, D17, D18","1.0, 1.0, 1.0, 1.0, 1.0, 1.0, 1.0, 1.0, 1.0, 1.0, 1.0, 1.0, 1.0, 1.0, 1.0, 1.0, 1.0, 1.0, 1.0, 1.0, 1.0, 1.0, 1.0, 1.0, 1.0, 1.0, 1.0, 1.0, 1.0, 1.0, 1.0",60.99585062240664,"1.0, 0.0, 0.0","0.0, 1.0, 1.0"
20250124-072614,平均値補完,"P1, P2, P3, P4, P5, P6, P7, P8, P9, P10, P11, P12, P13, D1, D2, D3, D4, D5, D6, D7, D8, D9, D10, D11, D12, D13, D14, D15, D16, D17, D18","1.0, 1.0, 1.0, 1.0, 1.0, 1.0, 1.0, 1.0, 1.0, 1.0, 1.0, 1.0, 1.0, 1.0, 1.0, 1.0, 1.0, 1.0, 1.0, 1.0, 1.0, 1.0, 1.0, 1.0, 1.0, 1.0, 1.0, 1.0, 1.0, 1.0, 1.0",60.99585062240664,"1.0, 0.0, 0.0","0.0, 1.0, 1.0"
20250124-072618,平均値補完,"P1, P2, P3, P4, P5, P6, P7, P8, P9, P10, P11, P12, P13, D1, D2, D3, D4, D5, D6, D7, D8, D9, D10, D11, D12, D13, D14, D15, D16, D17, D18","1.0, 1.0, 1.0, 1.0, 1.0, 1.0, 1.0, 1.0, 1.0, 1.0, 1.0, 1.0, 1.0, 1.0, 1.0, 1.0, 1.0, 1.0, 1.0, 1.0, 1.0, 1.0, 1.0, 1.0, 1.0, 1.0, 1.0, 1.0, 1.0, 1.0, 1.0",60.99585062240664,"1.0, 0.0, 0.0","0.0, 1.0, 1.0"
20250124-073311,平均値補完,"P1, P2, P3, P4, P5, P6, P7, P8, P9, P10, P11, P12, P13, D1, D2, D3, D4, D5, D6, D7, D8, D9, D10, D11, D12, D13, D14, D15, D16, D17, D18","1.0, 1.0, 1.0, 1.0, 1.0, 1.0, 1.0, 1.0, 1.0, 1.0, 1.0, 1.0, 1.0, 1.0, 1.0, 1.0, 1.0, 1.0, 1.0, 1.0, 1.0, 1.0, 1.0, 1.0, 1.0, 1.0, 1.0, 1.0, 1.0, 1.0, 1.0",60.99585062240664,"1.0, 0.0, 0.0","0.0, 1.0, 1.0"
20250124-073329,平均値補完,"P1, P2, P3, P4, P5, P6, P7, P8, P9, P10, P11, P12, P13, D1, D2, D3, D4, D5, D6, D7, D8, D9, D10, D11, D12, D13, D14, D15, D16, D17, D18","1.0, 1.0, 1.0, 1.0, 1.0, 1.0, 1.0, 1.0, 1.0, 1.0, 1.0, 1.0, 1.0, 1.0, 1.0, 1.0, 1.0, 1.0, 1.0, 1.0, 1.0, 1.0, 1.0, 1.0, 1.0, 1.0, 1.0, 1.0, 1.0, 1.0, 1.0",60.99585062240664,"1.0, 0.0, 0.0","0.0, 1.0, 1.0"
20250124-074047,平均値補完,"P1, P2, P3, P4, P5, P6, P7, P8, P9, P10, P11, P12, P13, D1, D2, D3, D4, D5, D6, D7, D8, D9, D10, D11, D12, D13, D14, D15, D16, D17, D18","1.0, 1.0, 1.0, 1.0, 1.0, 1.0, 1.0, 1.0, 1.0, 1.0, 1.0, 1.0, 1.0, 1.0, 1.0, 1.0, 1.0, 1.0, 1.0, 1.0, 1.0, 1.0, 1.0, 1.0, 1.0, 1.0, 1.0, 1.0, 1.0, 1.0, 1.0",6.639004149377594,"0.0, 0.0, 1.0","1.0, 1.0, 0.0"
20250124-074104,平均値補完,"P1, P2, P3, P4, P5, P6, P7, P8, P9, P10, P11, P12, P13, D1, D2, D3, D4, D5, D6, D7, D8, D9, D10, D11, D12, D13, D14, D15, D16, D17, D18","1.0, 1.0, 1.0, 1.0, 1.0, 1.0, 1.0, 1.0, 1.0, 1.0, 1.0, 1.0, 1.0, 1.0, 1.0, 1.0, 1.0, 1.0, 1.0, 1.0, 1.0, 1.0, 1.0, 1.0, 1.0, 1.0, 1.0, 1.0, 1.0, 1.0, 1.0",6.639004149377594,"0.0, 0.0, 1.0","1.0, 1.0, 0.0"
20250124-140051,平均値補完,"P1, P2, P3, P4, P5, P6, P7, P8, P9, P10, P11, P12, P13, D1, D2, D3, D4, D5, D6, D7, D8, D9, D10, D11, D12, D13, D14, D15, D16, D17, D18","1.0, 1.0, 1.0, 1.0, 1.0, 1.0, 1.0, 1.0, 1.0, 1.0, 1.0, 1.0, 1.0, 1.0, 1.0, 1.0, 1.0, 1.0, 1.0, 1.0, 1.0, 1.0, 1.0, 1.0, 1.0, 1.0, 1.0, 1.0, 1.0, 1.0, 1.0",56.84647302904564,"0.8435374149659864, 0.16666666666666666, 0.0","0.1702127659574468, 0.8404907975460123, 1.0"
20250407-182533,平均値補完,"P1, P2, P3, P4, P5, P6, P7, P8, P9, P10, P11, P12, P13, D1, D2, D3, D4, D5, D6, D7, D8, D9, D10, D11, D12, D13, D14, D15, D16, D17, D18","1.0, 1.0, 1.0, 1.0, 1.0, 1.0, 1.0, 1.0, 1.0, 1.0, 1.0, 1.0, 1.0, 1.0, 1.0, 1.0, 1.0, 1.0, 1.0, 1.0, 1.0, 1.0, 1.0, 1.0, 1.0, 1.0, 1.0, 1.0, 1.0, 1.0, 1.0",56.43153526970954,"0.7142857142857143, 0.3974358974358974, 0.0","0.3723404255319149, 0.7177914110429447, 1.0"
20250423-000605,欠損値削除,"P1, P2, P3, P4, P5, P6, P7, P8, P9, P10, P11, P12, P13, D1, D2, D3, D4, D5, D6, D7, D8, D9, D10, D11, D12, D13, D14, D15, D16, D17, D18","1.0, 1.0, 1.0, 1.0, 1.0, 1.0, 1.0, 1.0, 1.0, 1.0, 1.0, 1.0, 1.0, 1.0, 1.0, 1.0, 1.0, 1.0, 1.0, 1.0, 1.0, 1.0, 1.0, 1.0, 1.0, 1.0, 1.0, 1.0, 1.0, 1.0, 1.0",65.85365853658537,"0.89, 0.35185185185185186, 0.0","0.328125, 0.8818181818181818, 1.0"
