痛みの経過,P4,P5
疼痛の経過パターン,あなたの痛みの経過を示す図にして、どれが最もあてはまりますか？,あなたの痛みの経過を示す図にして、どれが最もあてはまりますか？
持続的な痛みで、痛みの程度に若干の変動がある,1,0
持続的な痛みで、時々痛みの発作がある,2,-1
痛みが時々発作的に強まり、それ以外の時は痛みがない,3,1
痛みが時々発作的に強まり、それ以外の時は痛みがある,4,1