タイプ,質問内容
D1,泣きたくなったり、泣いたりすることがありますか？
D2,いつもみじめで気持ちが浮かないですか？
D3,いつも緊張して、イライラしていますか？
D4,ちょっとしたことが癪（しゃく）にさわって腹が立ちますか？
D5,食欲はふつうですか？
D6,1日のなかでは、朝方がいちばん気分がよいですか？
D7,何となく疲れますか？
D8,いつもとかわりなく仕事ができますか？
D9,睡眠に満足できますか？
D10,痛み以外の理由で寝つきが悪いですか？
D11,痛みのとぎれることはない
D12,患部の示し方に特徴がある
D13,患肢全体が痛む（しびれる）
D14,検査や治療をすすめられたとき、不機嫌、易怒的、または理屈っぽくなる
D15,知覚検査で刺激すると過剰に反応する
D16,病状や手術について繰り返し質問する
D17,治療スタッフに対して、人を見て態度を変える
D18,ちょっとした症状に、これさえなければとこだわる