タイプ,質問内容
P1,今現在のあなたの痛みは10点満点でどの程度ですか？
P2,過去4年間で最も激しい痛みは10点満点でどの程度でしたか？
P3,過去4年間の痛みの平均レベルは10点満点でどの程度ですか？
P4,下記のデータフレームを参照
P5,下記のデータフレームを参照
P6,痛みは他の部位にも広がりますか？  はい/いいえ
P7,痛みのある部位では、焼けるような痛み（例: ヒリヒリするような痛み）がありますか？
P8,ピリピリしたり、チクチク刺したりするような感じ（虫が歩いているような、電気が流れているような感じ）がありますか？
P9,痛みがある部位を軽く触れられる（衣服や毛布が触れる）だけでも痛いですか？
P10,電気ショックのような急激な痛みの発作が起きることはありますか？
P11,冷たいものや熱いもの（お風呂のお湯など）によって痛みが起きますか？
P12,痛みのある場所に、痺れを感じますか？
P13,痛みがある部位を、少しの力（指で押す程度）で押しても痛みが起きますか？